-- MySQL dump 10.13  Distrib 5.7.17, for macos10.12 (x86_64)
--
-- Host: 127.0.0.1    Database: hyrecar_recruiting
-- ------------------------------------------------------
-- Server version	5.7.17

/*!40101 SET @OLD_CHARACTER_SET_CLIENT=@@CHARACTER_SET_CLIENT */;
/*!40101 SET @OLD_CHARACTER_SET_RESULTS=@@CHARACTER_SET_RESULTS */;
/*!40101 SET @OLD_COLLATION_CONNECTION=@@COLLATION_CONNECTION */;
/*!40101 SET NAMES utf8 */;
/*!40103 SET @OLD_TIME_ZONE=@@TIME_ZONE */;
/*!40103 SET TIME_ZONE='+00:00' */;
/*!40014 SET @OLD_UNIQUE_CHECKS=@@UNIQUE_CHECKS, UNIQUE_CHECKS=0 */;
/*!40014 SET @OLD_FOREIGN_KEY_CHECKS=@@FOREIGN_KEY_CHECKS, FOREIGN_KEY_CHECKS=0 */;
/*!40101 SET @OLD_SQL_MODE=@@SQL_MODE, SQL_MODE='NO_AUTO_VALUE_ON_ZERO' */;
/*!40111 SET @OLD_SQL_NOTES=@@SQL_NOTES, SQL_NOTES=0 */;

--
-- Table structure for table `db_cars_marks`
--

DROP TABLE IF EXISTS `db_cars_marks`;
/*!40101 SET @saved_cs_client     = @@character_set_client */;
/*!40101 SET character_set_client = utf8 */;
CREATE TABLE `db_cars_marks` (
  `id` smallint(5) unsigned NOT NULL,
  `mark` varchar(50) NOT NULL DEFAULT '0',
  PRIMARY KEY (`id`),
  KEY `name` (`mark`)
) ENGINE=InnoDB DEFAULT CHARSET=utf8;
/*!40101 SET character_set_client = @saved_cs_client */;

--
-- Dumping data for table `db_cars_marks`
--

LOCK TABLES `db_cars_marks` WRITE;
/*!40000 ALTER TABLE `db_cars_marks` DISABLE KEYS */;
INSERT INTO `db_cars_marks` VALUES (41,'Acura'),(44,'Alfa Romeo'),(73,'Aptera'),(65,'Aston Martin'),(36,'Audi'),(8,'Austin'),(66,'Bentley'),(7,'BMW'),(75,'Bugatti'),(13,'Buick'),(6,'Cadillac'),(5,'Chevrolet'),(2,'Chrysler'),(3,'Citroën'),(58,'Corbin'),(59,'Daewoo'),(45,'Daihatsu'),(21,'Dodge'),(43,'Eagle'),(10,'Fairthorpe'),(69,'Ferrari'),(78,'FIAT'),(9,'Fillmore'),(72,'Foose'),(1,'Ford'),(46,'Geo'),(47,'GMC'),(4,'Hillman'),(57,'Holden'),(27,'Honda'),(55,'HUMMER'),(48,'Hyundai'),(49,'Infiniti'),(50,'Isuzu'),(51,'Jaguar'),(52,'Jeep'),(17,'Jensen'),(56,'Kia'),(38,'Lamborghini'),(40,'Land Rover'),(42,'Lexus'),(33,'Lincoln'),(32,'Lotus'),(34,'Maserati'),(61,'Maybach'),(29,'Mazda'),(79,'McLaren'),(24,'Mercedes-Benz'),(19,'Mercury'),(39,'Merkur'),(25,'MG'),(60,'MINI'),(30,'Mitsubishi'),(70,'Morgan'),(26,'Nissan'),(18,'Oldsmobile'),(67,'Panoz'),(71,'Peugeot'),(15,'Plymouth'),(12,'Pontiac'),(22,'Porsche'),(77,'Ram'),(14,'Rambler'),(28,'Renault'),(68,'Rolls-Royce'),(35,'Saab'),(53,'Saturn'),(63,'Scion'),(20,'Shelby'),(74,'Smart'),(62,'Spyker'),(64,'Spyker Cars'),(11,'Studebaker'),(31,'Subaru'),(37,'Suzuki'),(76,'Tesla'),(23,'Toyota'),(16,'Volkswagen'),(54,'Volvo');
/*!40000 ALTER TABLE `db_cars_marks` ENABLE KEYS */;
UNLOCK TABLES;

--
-- Table structure for table `db_cars_models`
--

DROP TABLE IF EXISTS `db_cars_models`;
/*!40101 SET @saved_cs_client     = @@character_set_client */;
/*!40101 SET character_set_client = utf8 */;
CREATE TABLE `db_cars_models` (
  `id` int(10) unsigned NOT NULL AUTO_INCREMENT,
  `mark_id` smallint(5) NOT NULL DEFAULT '0' COMMENT 'Mark id',
  `model` varchar(50) NOT NULL DEFAULT '0' COMMENT 'Model',
  PRIMARY KEY (`id`),
  KEY `name` (`model`)
) ENGINE=InnoDB AUTO_INCREMENT=1001 DEFAULT CHARSET=utf8;
/*!40101 SET character_set_client = @saved_cs_client */;

--
-- Dumping data for table `db_cars_models`
--

LOCK TABLES `db_cars_models` WRITE;
/*!40000 ALTER TABLE `db_cars_models` DISABLE KEYS */;
INSERT INTO `db_cars_models` VALUES (2,41,'Integra'),(3,41,'Legend'),(4,41,'MDX'),(5,41,'NSX'),(6,41,'RDX'),(7,41,'RL'),(8,41,'RSX'),(9,41,'SLX'),(10,41,'TL'),(11,41,'TSX'),(12,41,'Vigor'),(13,41,'ZDX'),(14,44,'164'),(15,44,'Spider'),(16,73,'2e'),(17,73,'Typ-1'),(18,73,'Type-1h'),(19,65,'DB9'),(20,65,'DB9 Volante'),(21,65,'DBS'),(22,65,'Rapide'),(23,65,'V12 Vantage'),(24,65,'V8 Vantage'),(25,65,'V8 Vantage S'),(26,65,'Vanquish S'),(27,65,'Vantage'),(28,65,'Virage'),(29,36,'100'),(30,36,'200'),(31,36,'4000'),(32,36,'4000CS Quattro'),(33,36,'4000s'),(34,36,'4000s Quattro'),(35,36,'5000CS'),(36,36,'5000CS Quattro'),(37,36,'5000S'),(38,36,'80'),(39,36,'80/90'),(40,36,'90'),(41,36,'A3'),(42,36,'A4'),(43,36,'A5'),(44,36,'A6'),(45,36,'A7'),(46,36,'A8'),(47,36,'Allroad'),(48,36,'Cabriolet'),(49,36,'Coupe GT'),(50,36,'Coupe Quattro'),(51,36,'Q5'),(52,36,'Q7'),(53,36,'Quattro'),(54,36,'R8'),(55,36,'riolet'),(56,36,'RS 4'),(57,36,'RS 6'),(58,36,'RS4'),(59,36,'RS6'),(60,36,'S4'),(61,36,'S5'),(62,36,'S6'),(63,36,'S8'),(64,36,'TT'),(65,36,'V8'),(66,8,'Mini'),(67,8,'Mini Cooper'),(68,8,'Mini Cooper S'),(69,66,'Arnage'),(70,66,'Azure'),(71,66,'Azure T'),(72,66,'Brooklands'),(73,66,'Continental'),(74,66,'Continental Flying Spur'),(75,66,'Continental GT'),(76,66,'Continental GTC'),(77,66,'Continental Super'),(78,66,'Mulsanne'),(79,7,'1 Series'),(80,7,'3 Series'),(81,7,'325'),(82,7,'330'),(83,7,'5 Series'),(84,7,'525'),(85,7,'530'),(86,7,'545'),(87,7,'550'),(88,7,'6 Series'),(89,7,'600'),(90,7,'645'),(91,7,'650'),(92,7,'7 Series'),(93,7,'745'),(94,7,'750'),(95,7,'760'),(96,7,'8 Series'),(97,7,'Alpina B7'),(98,7,'M'),(99,7,'M Roadster'),(100,7,'M3'),(101,7,'M5'),(102,7,'M6'),(103,7,'X3'),(104,7,'X5'),(105,7,'X5 M'),(106,7,'X6'),(107,7,'X6 M'),(108,7,'Z3'),(109,7,'Z4'),(110,7,'Z4 M'),(111,7,'Z4 M Roadster'),(112,7,'Z8'),(113,75,'Veyron'),(114,13,'Century'),(115,13,'Coachbuilder'),(116,13,'Electra'),(117,13,'Enclave'),(118,13,'Estate'),(119,13,'Hearse'),(120,13,'LaCrosse'),(121,13,'LeSabre'),(122,13,'Lucerne'),(123,13,'Park Avenue'),(124,13,'Rainier'),(125,13,'Reatta'),(126,13,'Regal'),(127,13,'Rendezvous'),(128,13,'Riviera'),(129,13,'Roadmaster'),(130,13,'Skyhawk'),(131,13,'Skylark'),(132,13,'Somerset'),(133,13,'Special'),(134,13,'Terraza'),(135,13,'Verano'),(136,6,'Allante'),(137,6,'Brougham'),(138,6,'Catera'),(139,6,'CTS'),(140,6,'CTS-V'),(141,6,'DeVille'),(142,6,'DTS'),(143,6,'Eldorado'),(144,6,'Escalade'),(145,6,'Escalade ESV'),(146,6,'Escalade EXT'),(147,6,'Fleetwood'),(148,6,'Seville'),(149,6,'Sixty Special'),(150,6,'SRX'),(151,6,'STS'),(152,6,'STS-V'),(153,6,'XLR'),(154,6,'XLR-V'),(155,5,'1500'),(156,5,'2500'),(157,5,'3500'),(158,5,'APV'),(159,5,'Astro'),(160,5,'Avalanche'),(161,5,'Avalanche 1500'),(162,5,'Avalanche 2500'),(163,5,'Aveo'),(164,5,'Bel Air'),(165,5,'Beretta'),(166,5,'Blazer'),(167,5,'Camaro'),(168,5,'Caprice'),(169,5,'Caprice Classic'),(170,5,'Cavalier'),(171,5,'Citation'),(172,5,'Classic'),(173,5,'Cobalt'),(174,5,'Cobalt SS'),(175,5,'Colorado'),(176,5,'Corsica'),(177,5,'Corvair'),(178,5,'Corvair 500'),(179,5,'Corvette'),(180,5,'Cruze'),(181,5,'Equinox'),(182,5,'Express'),(183,5,'Express 1500'),(184,5,'Express 2500'),(185,5,'Express 3500'),(186,5,'G-Series 1500'),(187,5,'G-Series 2500'),(188,5,'G-Series 3500'),(189,5,'G-Series G10'),(190,5,'G-Series G20'),(191,5,'G-Series G30'),(192,5,'HHR'),(193,5,'HHR Panel'),(194,5,'Impala'),(195,5,'Impala SS'),(196,5,'K5 Blazer'),(197,5,'Lumina'),(198,5,'Lumina APV'),(199,5,'LUV'),(200,5,'Malibu'),(201,5,'Malibu Maxx'),(202,5,'Metro'),(203,5,'Monte Carlo'),(204,5,'Monza'),(205,5,'Prizm'),(206,5,'S10'),(207,5,'S10 Blazer'),(208,5,'Silverado'),(209,5,'Silverado 1500'),(210,5,'Silverado 2500'),(211,5,'Silverado 3500'),(212,5,'Silverado 3500HD'),(213,5,'Silverado Hybrid'),(214,5,'Sonic'),(215,5,'Sportvan G10'),(216,5,'Sportvan G20'),(217,5,'Sportvan G30'),(218,5,'SSR'),(219,5,'Suburban'),(220,5,'Suburban 1500'),(221,5,'Suburban 2500'),(222,5,'Tahoe'),(223,5,'Tracker'),(224,5,'Trailblazer'),(225,5,'Traverse'),(226,5,'Uplander'),(227,5,'Vega'),(228,5,'Venture'),(229,5,'Volt'),(230,2,'200'),(231,2,'300'),(232,2,'300C'),(233,2,'300M'),(234,2,'Aspen'),(235,2,'Cirrus'),(236,2,'Concorde'),(237,2,'Crossfire'),(238,2,'Crossfire Roadster'),(239,2,'Fifth Ave'),(240,2,'Grand Voyager'),(241,2,'Imperial'),(242,2,'LeBaron'),(243,2,'LHS'),(244,2,'New Yorker'),(245,2,'Pacifica'),(246,2,'Prowler'),(247,2,'PT Cruiser'),(248,2,'Sebring'),(249,2,'Town & Country'),(250,2,'Voyager'),(251,3,'2CV'),(252,3,'CX'),(253,3,'SM'),(254,58,'Sparrow'),(255,59,'Lanos'),(256,59,'Leganza'),(257,59,'Nubira'),(258,45,'Charade'),(259,45,'Rocky'),(260,21,'Aries'),(261,21,'Aspen'),(262,21,'Avenger'),(263,21,'Caliber'),(264,21,'Caravan'),(265,21,'Challenger'),(266,21,'Charger'),(267,21,'Colt'),(268,21,'D150'),(269,21,'D150 Club'),(270,21,'D250'),(271,21,'D250 Club'),(272,21,'D350'),(273,21,'D350 Club'),(274,21,'Dakota'),(275,21,'Dakota Club'),(276,21,'Daytona'),(277,21,'Durango'),(278,21,'Dynasty'),(279,21,'Grand Caravan'),(280,21,'Intrepid'),(281,21,'Journey'),(282,21,'Magnum'),(283,21,'Monaco'),(284,21,'Neon'),(285,21,'Nitro'),(286,21,'Omni'),(287,21,'Ram'),(288,21,'Ram 1500'),(289,21,'Ram 1500 Club'),(290,21,'Ram 2500'),(291,21,'Ram 2500 Club'),(292,21,'Ram 3500'),(293,21,'Ram 3500 Club'),(294,21,'Ram 50'),(295,21,'Ram Van 1500'),(296,21,'Ram Van 2500'),(297,21,'Ram Van 3500'),(298,21,'Ram Van B150'),(299,21,'Ram Van B250'),(300,21,'Ram Van B350'),(301,21,'Ram Wagon B150'),(302,21,'Ram Wagon B250'),(303,21,'Ram Wagon B350'),(304,21,'Ramcharger'),(305,21,'Shadow'),(306,21,'Spirit'),(307,21,'Sprinter'),(308,21,'Stealth'),(309,21,'Stratus'),(310,21,'Viper'),(311,21,'Viper RT/10'),(312,43,'Premier'),(313,43,'Summit'),(314,43,'Talon'),(315,43,'Vision'),(316,10,'Rockette'),(317,69,'430 Scuderia'),(318,69,'458 Italia'),(319,69,'599 GTB Fiorano'),(320,69,'612 Scaglietti'),(321,69,'California'),(322,69,'F430'),(323,69,'F430 Spider'),(324,69,'FF'),(325,78,'500'),(326,78,'Nuova 500'),(327,9,'Fillmore'),(328,72,'Hemisfear'),(329,1,'Aerostar'),(330,1,'Aspire'),(331,1,'Bronco'),(332,1,'Bronco II'),(333,1,'C-MAX Hybrid'),(334,1,'Club Wagon'),(335,1,'Contour'),(336,1,'Country'),(337,1,'Courier'),(338,1,'Crown Victoria'),(339,1,'E-350 Super Duty'),(340,1,'E-350 Super Duty Van'),(341,1,'E-Series'),(342,1,'E150'),(343,1,'E250'),(344,1,'E350'),(345,1,'Econoline E150'),(346,1,'Econoline E250'),(347,1,'Econoline E350'),(348,1,'Edge'),(349,1,'Escape'),(350,1,'Escort'),(351,1,'Escort ZX2'),(352,1,'Excursion'),(353,1,'EXP'),(354,1,'Expedition'),(355,1,'Expedition EL'),(356,1,'Explorer'),(357,1,'Explorer Sport'),(358,1,'Explorer Sport Trac'),(359,1,'F-250 Super Duty'),(360,1,'F-350 Super Duty'),(361,1,'F-Series'),(362,1,'F-Series Super Duty'),(363,1,'F150'),(364,1,'F250'),(365,1,'F350'),(366,1,'F450'),(367,1,'Fairlane'),(368,1,'Falcon'),(369,1,'Festiva'),(370,1,'Fiesta'),(371,1,'Five Hundred'),(372,1,'Flex'),(373,1,'Focus'),(374,1,'Focus ST'),(375,1,'Freestar'),(376,1,'Freestyle'),(377,1,'Fusion'),(378,1,'Galaxie'),(379,1,'GT'),(380,1,'GT500'),(381,1,'Laser'),(382,1,'Lightning'),(383,1,'LTD'),(384,1,'LTD Crown Victoria'),(385,1,'Model T'),(386,1,'Mustang'),(387,1,'Probe'),(388,1,'Ranger'),(389,1,'Taurus'),(390,1,'Taurus X'),(391,1,'Tempo'),(392,1,'Th!nk'),(393,1,'Thunderbird'),(394,1,'Torino'),(395,1,'Transit Connect'),(396,1,'Windstar'),(397,1,'ZX2'),(398,46,'Metro'),(399,46,'Prizm'),(400,46,'Storm'),(401,46,'Tracker'),(402,47,'1500'),(403,47,'1500 Club Coupe'),(404,47,'2500'),(405,47,'2500 Club Coupe'),(406,47,'3500'),(407,47,'3500 Club Coupe'),(408,47,'Acadia'),(409,47,'Canyon'),(410,47,'Envoy'),(411,47,'Envoy XL'),(412,47,'Envoy XUV'),(413,47,'EV1'),(414,47,'Jimmy'),(415,47,'Rally Wagon 1500'),(416,47,'Rally Wagon 2500'),(417,47,'Rally Wagon 3500'),(418,47,'Rally Wagon G2500'),(419,47,'Rally Wagon G3500'),(420,47,'Safari'),(421,47,'Savana'),(422,47,'Savana 1500'),(423,47,'Savana 2500'),(424,47,'Savana 3500'),(425,47,'Savana Cargo Van'),(426,47,'Sierra'),(427,47,'Sierra 1500'),(428,47,'Sierra 2500'),(429,47,'Sierra 2500HD'),(430,47,'Sierra 3500'),(431,47,'Sierra 3500HD'),(432,47,'Sierra Denali'),(433,47,'Sierra Hybrid'),(434,47,'Sonoma'),(435,47,'Sonoma Club'),(436,47,'Sonoma Club Coupe'),(437,47,'Suburban 1500'),(438,47,'Suburban 2500'),(439,47,'Terrain'),(440,47,'Vandura 1500'),(441,47,'Vandura 2500'),(442,47,'Vandura 3500'),(443,47,'Vandura G1500'),(444,47,'Vandura G2500'),(445,47,'Vandura G3500'),(446,47,'Yukon'),(447,47,'Yukon Denali'),(448,47,'Yukon XL'),(449,47,'Yukon XL 1500'),(450,47,'Yukon XL 2500'),(451,4,'Minx Magnificent'),(452,57,'Monaro'),(453,57,'VS Commodore'),(454,27,'Accord'),(455,27,'Accord Crosstour'),(456,27,'Civic'),(457,27,'Civic GX'),(458,27,'Civic Si'),(459,27,'CR-V'),(460,27,'CR-X'),(461,27,'CR-Z'),(462,27,'Crosstour'),(463,27,'del Sol'),(464,27,'Element'),(465,27,'FCX Clarity'),(466,27,'Fit'),(467,27,'Insight'),(468,27,'Odyssey'),(469,27,'Passport'),(470,27,'Pilot'),(471,27,'Prelude'),(472,27,'Ridgeline'),(473,27,'S2000'),(474,55,'H1'),(475,55,'H2'),(476,55,'H2 SUT'),(477,55,'H2 SUV'),(478,55,'H3'),(479,55,'H3T'),(480,48,'Accent'),(481,48,'Azera'),(482,48,'Elantra'),(483,48,'Entourage'),(484,48,'Equus'),(485,48,'Excel'),(486,48,'Genesis'),(487,48,'Genesis Coupe'),(488,48,'HED-5'),(489,48,'Santa Fe'),(490,48,'Scoupe'),(491,48,'Sonata'),(492,48,'Tiburon'),(493,48,'Tucson'),(494,48,'Veloster'),(495,48,'Veracruz'),(496,48,'XG300'),(497,48,'XG350'),(498,49,'EX'),(499,49,'FX'),(500,49,'G'),(501,49,'G25'),(502,49,'G35'),(503,49,'G37'),(504,49,'I'),(505,49,'IPL G'),(506,49,'J'),(507,49,'JX'),(508,49,'M'),(509,49,'Q'),(510,49,'QX'),(511,49,'QX56'),(512,50,'Amigo'),(513,50,'Ascender'),(514,50,'Axiom'),(515,50,'Hombre'),(516,50,'Hombre Space'),(517,50,'i-280'),(518,50,'i-290'),(519,50,'i-350'),(520,50,'i-370'),(521,50,'i-Series'),(522,50,'Impulse'),(523,50,'Oasis'),(524,50,'Rodeo'),(525,50,'Rodeo Sport'),(526,50,'Space'),(527,50,'Stylus'),(528,50,'Trooper'),(529,50,'VehiCROSS'),(530,51,'S-Type'),(531,51,'X-Type'),(532,51,'XF'),(533,51,'XJ'),(534,51,'XJ Series'),(535,51,'XK'),(536,51,'XK Series'),(537,52,'Cherokee'),(538,52,'Comanche'),(539,52,'Commander'),(540,52,'Compass'),(541,52,'Grand Cherokee'),(542,52,'Liberty'),(543,52,'Patriot'),(544,52,'Wrangler'),(545,17,'Interceptor'),(546,56,'Amanti'),(547,56,'Borrego'),(548,56,'Carens'),(549,56,'Forte'),(550,56,'Mentor'),(551,56,'Mohave/Borrego'),(552,56,'Optima'),(553,56,'Rio'),(554,56,'Rio5'),(555,56,'Rondo'),(556,56,'Sedona'),(557,56,'Sephia'),(558,56,'Sorento'),(559,56,'Soul'),(560,56,'Spectra'),(561,56,'Spectra5'),(562,56,'Sportage'),(563,38,'Aventador'),(564,38,'Countach'),(565,38,'Diablo'),(566,38,'Gallardo'),(567,38,'Murciélago'),(568,38,'Murciélago LP640'),(569,38,'Reventón'),(570,40,'Defender'),(571,40,'Defender 110'),(572,40,'Defender 90'),(573,40,'Defender Ice Edition'),(574,40,'Discovery'),(575,40,'Discovery Series II'),(576,40,'Freelander'),(577,40,'LR2'),(578,40,'LR3'),(579,40,'LR4'),(580,40,'Range Rover'),(581,40,'Range Rover Classic'),(582,40,'Range Rover Evoque'),(583,40,'Range Rover Sport'),(584,40,'Sterling'),(585,42,'CT'),(586,42,'ES'),(587,42,'GS'),(588,42,'GX'),(589,42,'HS'),(590,42,'IS'),(591,42,'IS F'),(592,42,'IS-F'),(593,42,'LFA'),(594,42,'LS'),(595,42,'LS Hybrid'),(596,42,'LX'),(597,42,'RX'),(598,42,'RX Hybrid'),(599,42,'SC'),(600,33,'Aviator'),(601,33,'Blackwood'),(602,33,'Continental'),(603,33,'Continental Mark VII'),(604,33,'LS'),(605,33,'Mark LT'),(606,33,'Mark VII'),(607,33,'Mark VIII'),(608,33,'MKS'),(609,33,'MKT'),(610,33,'MKX'),(611,33,'MKZ'),(612,33,'Navigator'),(613,33,'Navigator L'),(614,33,'Town Car'),(615,33,'Zephyr'),(616,32,'Elan'),(617,32,'Elise'),(618,32,'Esprit'),(619,32,'Esprit Turbo'),(620,32,'Evora'),(621,32,'Exige'),(622,34,'228'),(623,34,'430'),(624,34,'Biturbo'),(625,34,'Coupe'),(626,34,'Gran Sport'),(627,34,'GranSport'),(628,34,'GranTurismo'),(629,34,'Karif'),(630,34,'Quattroporte'),(631,34,'Spyder'),(632,61,'57'),(633,61,'57S'),(634,61,'62'),(635,61,'Landaulet'),(636,29,'323'),(637,29,'626'),(638,29,'929'),(639,29,'B-Series'),(640,29,'B-Series Plus'),(641,29,'B2000'),(642,29,'B2500'),(643,29,'B2600'),(644,29,'CX-5'),(645,29,'CX-7'),(646,29,'CX-9'),(647,29,'Familia'),(648,29,'GLC'),(649,29,'Mazda2'),(650,29,'Mazda3'),(651,29,'Mazda5'),(652,29,'Mazda6'),(653,29,'Mazda6 5-Door'),(654,29,'Mazda6 Sport'),(655,29,'Mazdaspeed 3'),(656,29,'Mazdaspeed6'),(657,29,'Miata MX-5'),(658,29,'Millenia'),(659,29,'MPV'),(660,29,'MX-3'),(661,29,'MX-5'),(662,29,'MX-6'),(663,29,'Navajo'),(664,29,'Protege'),(665,29,'Protege5'),(666,29,'RX-7'),(667,29,'RX-8'),(668,29,'Tribute'),(669,79,'MP4-12C'),(670,24,'190E'),(671,24,'300CE'),(672,24,'300D'),(673,24,'300E'),(674,24,'300SD'),(675,24,'300SE'),(676,24,'300SL'),(677,24,'300TE'),(678,24,'400E'),(679,24,'400SE'),(680,24,'400SEL'),(681,24,'500E'),(682,24,'500SEC'),(683,24,'500SEL'),(684,24,'500SL'),(685,24,'600SEC'),(686,24,'600SEL'),(687,24,'600SL'),(688,24,'C-Class'),(689,24,'CL-Class'),(690,24,'CL65 AMG'),(691,24,'CLK-Class'),(692,24,'CLS-Class'),(693,24,'E-Class'),(694,24,'G-Class'),(695,24,'G55 AMG'),(696,24,'GL-Class'),(697,24,'GLK-Class'),(698,24,'M-Class'),(699,24,'R-Class'),(700,24,'S-Class'),(701,24,'SL-Class'),(702,24,'SL65 AMG'),(703,24,'SLK-Class'),(704,24,'SLK55 AMG'),(705,24,'SLR McLaren'),(706,24,'SLS AMG'),(707,24,'SLS-Class'),(708,24,'Sprinter'),(709,24,'Sprinter 2500'),(710,24,'Sprinter 3500'),(711,24,'W123'),(712,24,'W126'),(713,24,'W201'),(714,19,'Capri'),(715,19,'Cougar'),(716,19,'Grand Marquis'),(717,19,'Lynx'),(718,19,'Marauder'),(719,19,'Mariner'),(720,19,'Marquis'),(721,19,'Milan'),(722,19,'Montego'),(723,19,'Monterey'),(724,19,'Mountaineer'),(725,19,'Mystique'),(726,19,'Sable'),(727,19,'Topaz'),(728,19,'Tracer'),(729,19,'Villager'),(730,39,'XR4Ti'),(731,25,'MGB'),(732,60,'Clubman'),(733,60,'Cooper'),(734,60,'Cooper Clubman'),(735,60,'Cooper Countryman'),(736,60,'Countryman'),(737,60,'MINI'),(738,30,'3000GT'),(739,30,'Challenger'),(740,30,'Chariot'),(741,30,'Cordia'),(742,30,'Diamante'),(743,30,'Eclipse'),(744,30,'Endeavor'),(745,30,'Excel'),(746,30,'Expo'),(747,30,'Expo LRV'),(748,30,'Galant'),(749,30,'GTO'),(750,30,'i-MiEV'),(751,30,'L300'),(752,30,'Lancer'),(753,30,'Lancer Evolution'),(754,30,'Mighty Max'),(755,30,'Mighty Max Macro'),(756,30,'Mirage'),(757,30,'Montero'),(758,30,'Montero Sport'),(759,30,'Outlander'),(760,30,'Outlander Sport'),(761,30,'Pajero'),(762,30,'Precis'),(763,30,'Raider'),(764,30,'RVR'),(765,30,'Sigma'),(766,30,'Space'),(767,30,'Starion'),(768,30,'Tredia'),(769,30,'Truck'),(770,30,'Tundra'),(771,70,'Aero 8'),(772,26,'200SX'),(773,26,'240SX'),(774,26,'280ZX'),(775,26,'300ZX'),(776,26,'350Z'),(777,26,'350Z Roadster'),(778,26,'370Z'),(779,26,'Altima'),(780,26,'Armada'),(781,26,'Cube'),(782,26,'Datsun/Nissan Z-car'),(783,26,'Frontier'),(784,26,'GT-R'),(785,26,'JUKE'),(786,26,'Leaf'),(787,26,'Maxima'),(788,26,'Murano'),(789,26,'NV1500'),(790,26,'NV2500'),(791,26,'NV3500'),(792,26,'NX'),(793,26,'Pathfinder'),(794,26,'Pathfinder Armada'),(795,26,'Quest'),(796,26,'Rogue'),(797,26,'Sentra'),(798,26,'Stanza'),(799,26,'Titan'),(800,26,'Versa'),(801,26,'Xterra'),(802,18,'88'),(803,18,'98'),(804,18,'Achieva'),(805,18,'Alero'),(806,18,'Aurora'),(807,18,'Bravada'),(808,18,'Ciera'),(809,18,'Custom Cruiser'),(810,18,'Cutlass'),(811,18,'Cutlass Cruiser'),(812,18,'Cutlass Supreme'),(813,18,'Intrigue'),(814,18,'LSS'),(815,18,'Regency'),(816,18,'Silhouette'),(817,18,'Toronado'),(818,67,'Esperante'),(819,71,'207'),(820,15,'Acclaim'),(821,15,'Breeze'),(822,15,'Colt'),(823,15,'Colt Vista'),(824,15,'Fury'),(825,15,'Grand Voyager'),(826,15,'Horizon'),(827,15,'Laser'),(828,15,'Neon'),(829,15,'Prowler'),(830,15,'Reliant'),(831,15,'Roadrunner'),(832,15,'Sundance'),(833,15,'Volare'),(834,15,'Voyager'),(835,12,'1000'),(836,12,'6000'),(837,12,'Aztek'),(838,12,'Bonneville'),(839,12,'Chevette'),(840,12,'Daewoo Kalos'),(841,12,'Fiero'),(842,12,'Firebird'),(843,12,'Firebird Formula'),(844,12,'Firebird Trans Am'),(845,12,'Firefly'),(846,12,'G3'),(847,12,'G5'),(848,12,'G6'),(849,12,'G8'),(850,12,'Gemini'),(851,12,'Grand Am'),(852,12,'Grand Prix'),(853,12,'Grand Prix Turbo'),(854,12,'GTO'),(855,12,'LeMans'),(856,12,'Montana'),(857,12,'Montana SV6'),(858,12,'Monterey'),(859,12,'Parisienne'),(860,12,'Safari'),(861,12,'Solstice'),(862,12,'Sunbird'),(863,12,'Sunfire'),(864,12,'Tempest'),(865,12,'Torrent'),(866,12,'Trans Sport'),(867,12,'Turbo Firefly'),(868,12,'Vibe'),(869,22,'911'),(870,22,'914'),(871,22,'924'),(872,22,'924 S'),(873,22,'928'),(874,22,'944'),(875,22,'968'),(876,22,'Boxster'),(877,22,'Carrera GT'),(878,22,'Cayenne'),(879,22,'Cayman'),(880,22,'Panamera'),(881,77,'1500'),(882,77,'2500'),(883,77,'3500'),(884,77,'C/V'),(885,77,'Dakota'),(886,14,'Classic'),(887,28,'Alliance'),(888,68,'Ghost'),(889,68,'Phantom'),(890,35,'9-2X'),(891,35,'9-3'),(892,35,'9-4X'),(893,35,'9-5'),(894,35,'9-7X'),(895,35,'900'),(896,35,'9000'),(897,53,'Astra'),(898,53,'Aura'),(899,53,'Ion'),(900,53,'L-Series'),(901,53,'Outlook'),(902,53,'Relay'),(903,53,'S-Series'),(904,53,'Sky'),(905,53,'VUE'),(906,63,'FR-S'),(907,63,'iQ'),(908,63,'tC'),(909,63,'xA'),(910,63,'xB'),(911,63,'xD'),(912,20,'GT350'),(913,20,'GT500'),(914,74,'Fortwo'),(915,62,'C8 Double 12 S'),(916,62,'C8 Laviolette'),(917,62,'C8 Spyder'),(918,62,'C8 Spyder Wide Body'),(919,64,'C8'),(920,11,'Avanti'),(921,31,'Alcyone SVX'),(922,31,'B9 Tribeca'),(923,31,'Baja'),(924,31,'Brat'),(925,31,'BRZ'),(926,31,'Forester'),(927,31,'Impreza'),(928,31,'Impreza WRX'),(929,31,'Justy'),(930,31,'Legacy'),(931,31,'Leone'),(932,31,'Loyale'),(933,31,'Outback'),(934,31,'Outback Sport'),(935,31,'SVX'),(936,31,'Tribeca'),(937,31,'XT'),(938,37,'Aerio'),(939,37,'Cultus'),(940,37,'Daewoo Lacetti'),(941,37,'Daewoo Magnus'),(942,37,'Equator'),(943,37,'Esteem'),(944,37,'Forenza'),(945,37,'Grand Vitara'),(946,37,'Kizashi'),(947,37,'Reno'),(948,37,'Samurai'),(949,37,'Sidekick'),(950,37,'SJ'),(951,37,'SJ 410'),(952,37,'Swift'),(953,37,'SX4'),(954,37,'Verona'),(955,37,'Vitara'),(956,37,'X-90'),(957,37,'XL-7'),(958,37,'XL7'),(959,76,'Model S'),(960,76,'Roadster'),(961,23,'4Runner'),(962,23,'Avalon'),(963,23,'Camry'),(964,23,'Camry Hybrid'),(965,23,'Camry Solara'),(966,23,'Celica'),(967,23,'Corolla'),(968,23,'Cressida'),(969,23,'Echo'),(970,23,'FJ Cruiser'),(971,23,'Highlander'),(972,23,'Highlander Hybrid'),(973,23,'Ipsum'),(974,23,'Land Cruiser'),(975,23,'Matrix'),(976,23,'MR2'),(977,23,'Paseo'),(978,23,'Previa'),(979,23,'Prius'),(980,23,'Prius c'),(981,23,'Prius Plug-in'),(982,23,'Prius Plug-in Hybrid'),(983,23,'Prius v'),(984,23,'RAV4'),(985,23,'Sequoia'),(986,23,'Sienna'),(987,23,'Solara'),(988,23,'Supra'),(989,23,'T100'),(990,23,'T100 Xtra'),(991,23,'Tacoma'),(992,23,'Tacoma Xtra'),(993,23,'Tercel'),(994,23,'Truck Xtracab SR5'),(995,23,'Tundra'),(996,23,'TundraMax'),(997,23,'Venza'),(998,23,'Xtra'),(999,23,'Yaris'),(1000,16,'Beetle');
/*!40000 ALTER TABLE `db_cars_models` ENABLE KEYS */;
UNLOCK TABLES;

--
-- Table structure for table `db_cars_years`
--

DROP TABLE IF EXISTS `db_cars_years`;
/*!40101 SET @saved_cs_client     = @@character_set_client */;
/*!40101 SET character_set_client = utf8 */;
CREATE TABLE `db_cars_years` (
  `id` int(10) unsigned NOT NULL AUTO_INCREMENT,
  `mark_id` smallint(5) unsigned NOT NULL DEFAULT '0' COMMENT 'Mark ID from db_marks table',
  `model_id` int(10) unsigned NOT NULL DEFAULT '0' COMMENT 'Model ID from db_models_table',
  `year` varchar(50) NOT NULL DEFAULT '0' COMMENT 'Year',
  PRIMARY KEY (`id`),
  KEY `mark_id` (`mark_id`,`model_id`),
  KEY `name` (`year`)
) ENGINE=InnoDB AUTO_INCREMENT=1001 DEFAULT CHARSET=utf8;
/*!40101 SET character_set_client = @saved_cs_client */;

--
-- Dumping data for table `db_cars_years`
--

LOCK TABLES `db_cars_years` WRITE;
/*!40000 ALTER TABLE `db_cars_years` DISABLE KEYS */;
INSERT INTO `db_cars_years` VALUES (1,1,385,'1909'),(2,1,393,'1955'),(3,1,393,'1958'),(4,1,341,'1963'),(5,1,386,'1964'),(6,1,378,'1964'),(7,1,367,'1965'),(8,1,386,'1965'),(9,1,393,'1965'),(10,1,378,'1966'),(11,1,386,'1966'),(12,1,368,'1966'),(13,1,367,'1966'),(14,1,336,'1967'),(15,1,368,'1967'),(16,1,386,'1967'),(17,1,393,'1967'),(18,1,367,'1967'),(19,1,386,'1968'),(20,1,386,'1969'),(21,1,386,'1970'),(22,1,394,'1970'),(23,1,386,'1971'),(24,1,393,'1972'),(25,1,386,'1972'),(26,1,386,'1973'),(27,1,386,'1974'),(28,1,393,'1977'),(29,1,386,'1979'),(30,1,386,'1980'),(31,1,393,'1980'),(32,1,393,'1983'),(33,1,386,'1983'),(34,1,332,'1984'),(35,1,381,'1984'),(36,1,393,'1984'),(37,1,353,'1984'),(38,1,388,'1984'),(39,1,350,'1984'),(40,1,391,'1984'),(41,1,383,'1984'),(42,1,364,'1984'),(43,1,363,'1984'),(44,1,343,'1984'),(45,1,384,'1984'),(46,1,331,'1984'),(47,1,342,'1984'),(48,1,386,'1984'),(49,1,341,'1985'),(50,1,332,'1985'),(51,1,331,'1985'),(52,1,391,'1985'),(53,1,361,'1985'),(54,1,381,'1985'),(55,1,384,'1985'),(56,1,388,'1985'),(57,1,386,'1985'),(58,1,383,'1985'),(59,1,350,'1985'),(60,1,353,'1985'),(61,1,393,'1985'),(62,1,393,'1986'),(63,1,361,'1986'),(64,1,332,'1986'),(65,1,388,'1986'),(66,1,341,'1986'),(67,1,389,'1986'),(68,1,391,'1986'),(69,1,353,'1986'),(70,1,384,'1986'),(71,1,350,'1986'),(72,1,381,'1986'),(73,1,329,'1986'),(74,1,383,'1986'),(75,1,386,'1986'),(76,1,337,'1986'),(77,1,331,'1986'),(78,1,386,'1987'),(79,1,337,'1987'),(80,1,381,'1987'),(81,1,350,'1987'),(82,1,391,'1987'),(83,1,329,'1987'),(84,1,393,'1987'),(85,1,341,'1987'),(86,1,361,'1987'),(87,1,332,'1987'),(88,1,389,'1987'),(89,1,384,'1987'),(90,1,331,'1987'),(91,1,388,'1987'),(92,1,353,'1987'),(93,1,393,'1988'),(94,1,329,'1988'),(95,1,350,'1988'),(96,1,386,'1988'),(97,1,389,'1988'),(98,1,332,'1988'),(99,1,381,'1988'),(100,1,391,'1988'),(101,1,341,'1988'),(102,1,384,'1988'),(103,1,361,'1988'),(104,1,388,'1988'),(105,1,369,'1988'),(106,1,331,'1988'),(107,1,337,'1988'),(108,1,353,'1988'),(109,1,341,'1989'),(110,1,361,'1989'),(111,1,389,'1989'),(112,1,386,'1989'),(113,1,381,'1989'),(114,1,387,'1989'),(115,1,350,'1989'),(116,1,391,'1989'),(117,1,329,'1989'),(118,1,369,'1989'),(119,1,337,'1989'),(120,1,332,'1989'),(121,1,384,'1989'),(122,1,331,'1989'),(123,1,388,'1989'),(124,1,393,'1989'),(125,1,389,'1990'),(126,1,361,'1990'),(127,1,386,'1990'),(128,1,393,'1990'),(129,1,391,'1990'),(130,1,329,'1990'),(131,1,350,'1990'),(132,1,388,'1990'),(133,1,341,'1990'),(134,1,387,'1990'),(135,1,384,'1990'),(136,1,332,'1990'),(137,1,331,'1990'),(138,1,369,'1990'),(139,1,386,'1991'),(140,1,369,'1991'),(141,1,341,'1991'),(142,1,361,'1991'),(143,1,391,'1991'),(144,1,331,'1991'),(145,1,350,'1991'),(146,1,329,'1991'),(147,1,384,'1991'),(148,1,393,'1991'),(149,1,388,'1991'),(150,1,389,'1991'),(151,1,356,'1991'),(152,1,387,'1991'),(153,1,338,'1992'),(154,1,369,'1992'),(155,1,388,'1992'),(156,1,329,'1992'),(157,1,361,'1992'),(158,1,341,'1992'),(159,1,389,'1992'),(160,1,391,'1992'),(161,1,393,'1992'),(162,1,350,'1992'),(163,1,387,'1992'),(164,1,331,'1992'),(165,1,356,'1992'),(166,1,386,'1992'),(167,1,334,'1992'),(168,1,345,'1992'),(169,1,346,'1992'),(170,1,347,'1992'),(171,1,363,'1992'),(172,1,364,'1992'),(173,1,365,'1992'),(174,1,391,'1993'),(175,1,389,'1993'),(176,1,329,'1993'),(177,1,369,'1993'),(178,1,388,'1993'),(179,1,341,'1993'),(180,1,350,'1993'),(181,1,386,'1993'),(182,1,356,'1993'),(183,1,361,'1993'),(184,1,331,'1993'),(185,1,393,'1993'),(186,1,387,'1993'),(187,1,384,'1993'),(188,1,334,'1993'),(189,1,338,'1993'),(190,1,345,'1993'),(191,1,346,'1993'),(192,1,347,'1993'),(193,1,363,'1993'),(194,1,364,'1993'),(195,1,365,'1993'),(196,1,389,'1994'),(197,1,329,'1994'),(198,1,350,'1994'),(199,1,386,'1994'),(200,1,341,'1994'),(201,1,387,'1994'),(202,1,393,'1994'),(203,1,391,'1994'),(204,1,361,'1994'),(205,1,356,'1994'),(206,1,382,'1994'),(207,1,330,'1994'),(208,1,388,'1994'),(209,1,331,'1994'),(210,1,338,'1994'),(211,1,334,'1994'),(212,1,345,'1994'),(213,1,346,'1994'),(214,1,347,'1994'),(215,1,363,'1994'),(216,1,364,'1994'),(217,1,365,'1994'),(218,1,361,'1995'),(219,1,396,'1995'),(220,1,335,'1995'),(221,1,350,'1995'),(222,1,329,'1995'),(223,1,338,'1995'),(224,1,341,'1995'),(225,1,331,'1995'),(226,1,388,'1995'),(227,1,356,'1995'),(228,1,387,'1995'),(229,1,386,'1995'),(230,1,393,'1995'),(231,1,389,'1995'),(232,1,330,'1995'),(233,1,334,'1995'),(234,1,345,'1995'),(235,1,346,'1995'),(236,1,347,'1995'),(237,1,363,'1995'),(238,1,364,'1995'),(239,1,365,'1995'),(240,1,388,'1996'),(241,1,331,'1996'),(242,1,386,'1996'),(243,1,335,'1996'),(244,1,396,'1996'),(245,1,338,'1996'),(246,1,387,'1996'),(247,1,350,'1996'),(248,1,389,'1996'),(249,1,341,'1996'),(250,1,356,'1996'),(251,1,393,'1996'),(252,1,329,'1996'),(253,1,361,'1996'),(254,1,330,'1996'),(255,1,334,'1996'),(256,1,345,'1996'),(257,1,346,'1996'),(258,1,347,'1996'),(259,1,363,'1996'),(260,1,364,'1996'),(261,1,365,'1996'),(262,1,361,'1997'),(263,1,329,'1997'),(264,1,330,'1997'),(265,1,334,'1997'),(266,1,335,'1997'),(267,1,338,'1997'),(268,1,345,'1997'),(269,1,346,'1997'),(270,1,347,'1997'),(271,1,350,'1997'),(272,1,354,'1997'),(273,1,356,'1997'),(274,1,363,'1997'),(275,1,364,'1997'),(276,1,365,'1997'),(277,1,386,'1997'),(278,1,387,'1997'),(279,1,388,'1997'),(280,1,389,'1997'),(281,1,393,'1997'),(282,1,396,'1997'),(283,1,334,'1998'),(284,1,335,'1998'),(285,1,338,'1998'),(286,1,345,'1998'),(287,1,346,'1998'),(288,1,347,'1998'),(289,1,350,'1998'),(290,1,354,'1998'),(291,1,356,'1998'),(292,1,363,'1998'),(293,1,364,'1998'),(294,1,386,'1998'),(295,1,388,'1998'),(296,1,389,'1998'),(297,1,396,'1998'),(298,1,335,'1999'),(299,1,338,'1999'),(300,1,345,'1999'),(301,1,346,'1999'),(302,1,347,'1999'),(303,1,350,'1999'),(304,1,354,'1999'),(305,1,356,'1999'),(306,1,363,'1999'),(307,1,364,'1999'),(308,1,365,'1999'),(309,1,386,'1999'),(310,1,388,'1999'),(311,1,389,'1999'),(312,1,396,'1999'),(313,1,392,'2000'),(314,1,335,'2000'),(315,1,358,'2000'),(316,1,349,'2000'),(317,1,338,'2000'),(318,1,345,'2000'),(319,1,346,'2000'),(320,1,347,'2000'),(321,1,350,'2000'),(322,1,352,'2000'),(323,1,354,'2000'),(324,1,356,'2000'),(325,1,357,'2000'),(326,1,363,'2000'),(327,1,364,'2000'),(328,1,365,'2000'),(329,1,373,'2000'),(330,1,386,'2000'),(331,1,388,'2000'),(332,1,389,'2000'),(333,1,396,'2000'),(334,1,356,'2001'),(335,1,361,'2001'),(336,1,341,'2001'),(337,1,396,'2001'),(338,1,349,'2001'),(339,1,389,'2001'),(340,1,388,'2001'),(341,1,373,'2001'),(342,1,350,'2001'),(343,1,354,'2001'),(344,1,386,'2001'),(345,1,358,'2001'),(346,1,392,'2001'),(347,1,370,'2001'),(348,1,338,'2001'),(349,1,345,'2001'),(350,1,346,'2001'),(351,1,347,'2001'),(352,1,352,'2001'),(353,1,357,'2001'),(354,1,363,'2001'),(355,1,364,'2001'),(356,1,365,'2001'),(357,1,397,'2001'),(358,1,358,'2002'),(359,1,341,'2002'),(360,1,386,'2002'),(361,1,338,'2002'),(362,1,350,'2002'),(363,1,356,'2002'),(364,1,388,'2002'),(365,1,349,'2002'),(366,1,354,'2002'),(367,1,373,'2002'),(368,1,393,'2002'),(369,1,361,'2002'),(370,1,396,'2002'),(371,1,389,'2002'),(372,1,392,'2002'),(373,1,345,'2002'),(374,1,346,'2002'),(375,1,347,'2002'),(376,1,352,'2002'),(377,1,357,'2002'),(378,1,363,'2002'),(379,1,364,'2002'),(380,1,365,'2002'),(381,1,397,'2002'),(382,1,393,'2003'),(383,1,358,'2003'),(384,1,349,'2003'),(385,1,341,'2003'),(386,1,396,'2003'),(387,1,389,'2003'),(388,1,354,'2003'),(389,1,361,'2003'),(390,1,351,'2003'),(391,1,386,'2003'),(392,1,356,'2003'),(393,1,373,'2003'),(394,1,338,'2003'),(395,1,375,'2003'),(396,1,388,'2003'),(397,1,342,'2003'),(398,1,343,'2003'),(399,1,344,'2003'),(400,1,352,'2003'),(401,1,357,'2003'),(402,1,363,'2003'),(403,1,364,'2003'),(404,1,365,'2003'),(405,1,397,'2003'),(406,1,361,'2004'),(407,1,350,'2004'),(408,1,349,'2004'),(409,1,375,'2004'),(410,1,393,'2004'),(411,1,356,'2004'),(412,1,388,'2004'),(413,1,341,'2004'),(414,1,358,'2004'),(415,1,389,'2004'),(416,1,396,'2004'),(417,1,354,'2004'),(418,1,386,'2004'),(419,1,373,'2004'),(420,1,338,'2004'),(421,1,342,'2004'),(422,1,343,'2004'),(423,1,344,'2004'),(424,1,352,'2004'),(425,1,363,'2004'),(426,1,364,'2004'),(427,1,365,'2004'),(428,1,379,'2005'),(429,1,361,'2005'),(430,1,341,'2005'),(431,1,393,'2005'),(432,1,349,'2005'),(433,1,373,'2005'),(434,1,375,'2005'),(435,1,338,'2005'),(436,1,376,'2005'),(437,1,388,'2005'),(438,1,389,'2005'),(439,1,356,'2005'),(440,1,371,'2005'),(441,1,358,'2005'),(442,1,386,'2005'),(443,1,354,'2005'),(444,1,342,'2005'),(445,1,343,'2005'),(446,1,344,'2005'),(447,1,352,'2005'),(448,1,363,'2005'),(449,1,364,'2005'),(450,1,365,'2005'),(451,1,354,'2006'),(452,1,376,'2006'),(453,1,359,'2006'),(454,1,349,'2006'),(455,1,360,'2006'),(456,1,361,'2006'),(457,1,339,'2006'),(458,1,393,'2006'),(459,1,341,'2006'),(460,1,356,'2006'),(461,1,375,'2006'),(462,1,371,'2006'),(463,1,386,'2006'),(464,1,373,'2006'),(465,1,343,'2006'),(466,1,389,'2006'),(467,1,340,'2006'),(468,1,379,'2006'),(469,1,388,'2006'),(470,1,338,'2006'),(471,1,377,'2006'),(472,1,358,'2006'),(473,1,342,'2006'),(474,1,344,'2006'),(475,1,363,'2006'),(476,1,364,'2006'),(477,1,365,'2006'),(478,1,373,'2007'),(479,1,349,'2007'),(480,1,338,'2007'),(481,1,377,'2007'),(482,1,386,'2007'),(483,1,362,'2007'),(484,1,375,'2007'),(485,1,341,'2007'),(486,1,389,'2007'),(487,1,358,'2007'),(488,1,380,'2007'),(489,1,361,'2007'),(490,1,376,'2007'),(491,1,371,'2007'),(492,1,388,'2007'),(493,1,356,'2007'),(494,1,348,'2007'),(495,1,354,'2007'),(496,1,342,'2007'),(497,1,343,'2007'),(498,1,344,'2007'),(499,1,355,'2007'),(500,1,363,'2007'),(501,1,364,'2007'),(502,1,365,'2007'),(503,1,390,'2008'),(504,1,377,'2008'),(505,1,380,'2008'),(506,1,348,'2008'),(507,1,389,'2008'),(508,1,386,'2008'),(509,1,349,'2008'),(510,1,373,'2008'),(511,1,361,'2008'),(512,1,338,'2008'),(513,1,356,'2008'),(514,1,388,'2008'),(515,1,362,'2008'),(516,1,341,'2008'),(517,1,354,'2008'),(518,1,358,'2008'),(519,1,342,'2008'),(520,1,343,'2008'),(521,1,344,'2008'),(522,1,355,'2008'),(523,1,363,'2008'),(524,1,364,'2008'),(525,1,365,'2008'),(526,1,366,'2008'),(527,1,341,'2009'),(528,1,362,'2009'),(529,1,377,'2009'),(530,1,349,'2009'),(531,1,373,'2009'),(532,1,388,'2009'),(533,1,380,'2009'),(534,1,389,'2009'),(535,1,338,'2009'),(536,1,390,'2009'),(537,1,358,'2009'),(538,1,348,'2009'),(539,1,354,'2009'),(540,1,361,'2009'),(541,1,386,'2009'),(542,1,372,'2009'),(543,1,356,'2009'),(544,1,342,'2009'),(545,1,343,'2009'),(546,1,344,'2009'),(547,1,355,'2009'),(548,1,363,'2009'),(549,1,364,'2009'),(550,1,365,'2009'),(551,1,366,'2009'),(552,1,349,'2010'),(553,1,386,'2010'),(554,1,395,'2010'),(555,1,362,'2010'),(556,1,341,'2010'),(557,1,373,'2010'),(558,1,356,'2010'),(559,1,372,'2010'),(560,1,348,'2010'),(561,1,361,'2010'),(562,1,377,'2010'),(563,1,338,'2010'),(564,1,388,'2010'),(565,1,389,'2010'),(566,1,354,'2010'),(567,1,342,'2010'),(568,1,343,'2010'),(569,1,344,'2010'),(570,1,355,'2010'),(571,1,358,'2010'),(572,1,363,'2010'),(573,1,364,'2010'),(574,1,365,'2010'),(575,1,366,'2010'),(576,1,389,'2011'),(577,1,349,'2011'),(578,1,362,'2011'),(579,1,386,'2011'),(580,1,377,'2011'),(581,1,341,'2011'),(582,1,370,'2011'),(583,1,356,'2011'),(584,1,373,'2011'),(585,1,361,'2011'),(586,1,388,'2011'),(587,1,395,'2011'),(588,1,348,'2011'),(589,1,354,'2011'),(590,1,372,'2011'),(591,1,342,'2011'),(592,1,343,'2011'),(593,1,344,'2011'),(594,1,355,'2011'),(595,1,363,'2011'),(596,1,364,'2011'),(597,1,365,'2011'),(598,1,366,'2011'),(599,1,338,'2011'),(600,1,373,'2012'),(601,1,386,'2012'),(602,1,362,'2012'),(603,1,341,'2012'),(604,1,395,'2012'),(605,1,372,'2012'),(606,1,349,'2012'),(607,1,377,'2012'),(608,1,389,'2012'),(609,1,370,'2012'),(610,1,356,'2012'),(611,1,354,'2012'),(612,1,348,'2012'),(613,1,342,'2012'),(614,1,343,'2012'),(615,1,344,'2012'),(616,1,355,'2012'),(617,1,363,'2012'),(618,1,364,'2012'),(619,1,365,'2012'),(620,1,366,'2012'),(621,1,389,'2013'),(622,1,333,'2013'),(623,1,348,'2013'),(624,1,349,'2013'),(625,1,356,'2013'),(626,1,370,'2013'),(627,1,372,'2013'),(628,1,373,'2013'),(629,1,374,'2013'),(630,1,377,'2013'),(631,1,386,'2013'),(632,1,395,'2013'),(633,2,241,'1926'),(634,2,239,'1992'),(635,2,241,'1992'),(636,2,242,'1992'),(637,2,244,'1992'),(638,2,249,'1992'),(639,2,236,'1993'),(640,2,239,'1993'),(641,2,241,'1993'),(642,2,242,'1993'),(643,2,244,'1993'),(644,2,249,'1993'),(645,2,236,'1994'),(646,2,242,'1994'),(647,2,243,'1994'),(648,2,244,'1994'),(649,2,249,'1994'),(650,2,235,'1995'),(651,2,236,'1995'),(652,2,242,'1995'),(653,2,243,'1995'),(654,2,244,'1995'),(655,2,248,'1995'),(656,2,249,'1995'),(657,2,249,'1996'),(658,2,235,'1996'),(659,2,236,'1996'),(660,2,243,'1996'),(661,2,244,'1996'),(662,2,248,'1996'),(663,2,249,'1997'),(664,2,235,'1997'),(665,2,236,'1997'),(666,2,243,'1997'),(667,2,248,'1997'),(668,2,235,'1998'),(669,2,236,'1998'),(670,2,248,'1998'),(671,2,249,'1998'),(672,2,233,'1999'),(673,2,231,'1999'),(674,2,235,'1999'),(675,2,236,'1999'),(676,2,243,'1999'),(677,2,248,'1999'),(678,2,249,'1999'),(679,2,233,'2000'),(680,2,235,'2000'),(681,2,236,'2000'),(682,2,240,'2000'),(683,2,243,'2000'),(684,2,248,'2000'),(685,2,249,'2000'),(686,2,250,'2000'),(687,2,247,'2001'),(688,2,233,'2001'),(689,2,236,'2001'),(690,2,243,'2001'),(691,2,246,'2001'),(692,2,248,'2001'),(693,2,249,'2001'),(694,2,250,'2001'),(695,2,233,'2002'),(696,2,236,'2002'),(697,2,246,'2002'),(698,2,247,'2002'),(699,2,248,'2002'),(700,2,249,'2002'),(701,2,250,'2002'),(702,2,233,'2003'),(703,2,236,'2003'),(704,2,247,'2003'),(705,2,248,'2003'),(706,2,249,'2003'),(707,2,250,'2003'),(708,2,233,'2004'),(709,2,236,'2004'),(710,2,237,'2004'),(711,2,245,'2004'),(712,2,247,'2004'),(713,2,248,'2004'),(714,2,249,'2004'),(715,2,231,'2005'),(716,2,232,'2005'),(717,2,237,'2005'),(718,2,245,'2005'),(719,2,247,'2005'),(720,2,248,'2005'),(721,2,249,'2005'),(722,2,231,'2006'),(723,2,247,'2006'),(724,2,249,'2006'),(725,2,245,'2006'),(726,2,248,'2006'),(727,2,238,'2006'),(728,2,237,'2006'),(729,2,231,'2007'),(730,2,249,'2007'),(731,2,248,'2007'),(732,2,234,'2007'),(733,2,237,'2007'),(734,2,245,'2007'),(735,2,247,'2007'),(736,2,231,'2008'),(737,2,248,'2008'),(738,2,249,'2008'),(739,2,237,'2008'),(740,2,234,'2008'),(741,2,245,'2008'),(742,2,247,'2008'),(743,2,231,'2009'),(744,2,248,'2009'),(745,2,234,'2009'),(746,2,249,'2009'),(747,2,247,'2009'),(748,2,231,'2010'),(749,2,248,'2010'),(750,2,249,'2010'),(751,2,247,'2010'),(752,2,230,'2011'),(753,2,231,'2011'),(754,2,249,'2011'),(755,2,230,'2012'),(756,2,231,'2012'),(757,2,249,'2012'),(758,3,251,'1948'),(759,3,253,'1972'),(760,3,252,'1974'),(761,3,252,'1989'),(762,4,451,'1950'),(763,5,179,'1953'),(764,5,179,'1954'),(765,5,179,'1955'),(766,5,179,'1956'),(767,5,179,'1957'),(768,5,179,'1958'),(769,5,179,'1959'),(770,5,177,'1960'),(771,5,179,'1960'),(772,5,179,'1961'),(773,5,179,'1962'),(774,5,178,'1963'),(775,5,179,'1963'),(776,5,179,'1964'),(777,5,179,'1965'),(778,5,179,'1966'),(779,5,167,'1967'),(780,5,164,'1967'),(781,5,179,'1967'),(782,5,167,'1968'),(783,5,179,'1968'),(784,5,167,'1969'),(785,5,179,'1969'),(786,5,167,'1970'),(787,5,179,'1970'),(788,5,227,'1971'),(789,5,167,'1971'),(790,5,179,'1972'),(791,5,167,'1972'),(792,5,167,'1973'),(793,5,203,'1973'),(794,5,179,'1973'),(795,5,167,'1974'),(796,5,167,'1975'),(797,5,179,'1975'),(798,5,204,'1975'),(799,5,167,'1976'),(800,5,167,'1977'),(801,5,168,'1977'),(802,5,179,'1978'),(803,5,167,'1978'),(804,5,199,'1979'),(805,5,167,'1979'),(806,5,171,'1980'),(807,5,167,'1980'),(808,5,167,'1981'),(809,5,167,'1982'),(810,5,168,'1983'),(811,5,179,'1984'),(812,5,167,'1985'),(813,5,179,'1985'),(814,5,179,'1986'),(815,5,179,'1987'),(816,5,179,'1988'),(817,5,179,'1989'),(818,5,168,'1991'),(819,5,155,'1992'),(820,5,156,'1992'),(821,5,157,'1992'),(822,5,158,'1992'),(823,5,159,'1992'),(824,5,165,'1992'),(825,5,166,'1992'),(826,5,167,'1992'),(827,5,168,'1992'),(828,5,170,'1992'),(829,5,176,'1992'),(830,5,179,'1992'),(831,5,189,'1992'),(832,5,190,'1992'),(833,5,191,'1992'),(834,5,197,'1992'),(835,5,198,'1992'),(836,5,207,'1992'),(837,5,206,'1992'),(838,5,215,'1992'),(839,5,216,'1992'),(840,5,217,'1992'),(841,5,220,'1992'),(842,5,221,'1992'),(843,5,155,'1993'),(844,5,156,'1993'),(845,5,157,'1993'),(846,5,158,'1993'),(847,5,159,'1993'),(848,5,165,'1993'),(849,5,166,'1993'),(850,5,167,'1993'),(851,5,169,'1993'),(852,5,170,'1993'),(853,5,176,'1993'),(854,5,179,'1993'),(855,5,189,'1993'),(856,5,190,'1993'),(857,5,191,'1993'),(858,5,197,'1993'),(859,5,198,'1993'),(860,5,207,'1993'),(861,5,206,'1993'),(862,5,215,'1993'),(863,5,216,'1993'),(864,5,217,'1993'),(865,5,220,'1993'),(866,5,221,'1993'),(867,5,155,'1994'),(868,5,156,'1994'),(869,5,157,'1994'),(870,5,195,'1994'),(871,5,168,'1994'),(872,5,159,'1994'),(873,5,165,'1994'),(874,5,166,'1994'),(875,5,167,'1994'),(876,5,169,'1994'),(877,5,170,'1994'),(878,5,176,'1994'),(879,5,179,'1994'),(880,5,189,'1994'),(881,5,190,'1994'),(882,5,191,'1994'),(883,5,194,'1994'),(884,5,197,'1994'),(885,5,207,'1994'),(886,5,206,'1994'),(887,5,216,'1994'),(888,5,217,'1994'),(889,5,220,'1994'),(890,5,221,'1994'),(891,5,155,'1995'),(892,5,156,'1995'),(893,5,157,'1995'),(894,5,196,'1995'),(895,5,195,'1995'),(896,5,168,'1995'),(897,5,159,'1995'),(898,5,165,'1995'),(899,5,166,'1995'),(900,5,167,'1995'),(901,5,169,'1995'),(902,5,170,'1995'),(903,5,176,'1995'),(904,5,179,'1995'),(905,5,189,'1995'),(906,5,190,'1995'),(907,5,191,'1995'),(908,5,194,'1995'),(909,5,197,'1995'),(910,5,203,'1995'),(911,5,206,'1995'),(912,5,216,'1995'),(913,5,217,'1995'),(914,5,220,'1995'),(915,5,221,'1995'),(916,5,222,'1995'),(917,5,155,'1996'),(918,5,156,'1996'),(919,5,157,'1996'),(920,5,222,'1996'),(921,5,159,'1996'),(922,5,194,'1996'),(923,5,165,'1996'),(924,5,168,'1996'),(925,5,166,'1996'),(926,5,167,'1996'),(927,5,169,'1996'),(928,5,170,'1996'),(929,5,176,'1996'),(930,5,179,'1996'),(931,5,183,'1996'),(932,5,184,'1996'),(933,5,185,'1996'),(934,5,186,'1996'),(935,5,187,'1996'),(936,5,191,'1996'),(937,5,197,'1996'),(938,5,203,'1996'),(939,5,206,'1996'),(940,5,217,'1996'),(941,5,220,'1996'),(942,5,221,'1996'),(943,5,155,'1997'),(944,5,156,'1997'),(945,5,157,'1997'),(946,5,200,'1997'),(947,5,159,'1997'),(948,5,166,'1997'),(949,5,167,'1997'),(950,5,170,'1997'),(951,5,179,'1997'),(952,5,183,'1997'),(953,5,184,'1997'),(954,5,185,'1997'),(955,5,186,'1997'),(956,5,187,'1997'),(957,5,188,'1997'),(958,5,197,'1997'),(959,5,203,'1997'),(960,5,206,'1997'),(961,5,220,'1997'),(962,5,221,'1997'),(963,5,222,'1997'),(964,5,228,'1997'),(965,5,155,'1998'),(966,5,156,'1998'),(967,5,157,'1998'),(968,5,179,'1998'),(969,5,159,'1998'),(970,5,166,'1998'),(971,5,167,'1998'),(972,5,170,'1998'),(973,5,183,'1998'),(974,5,184,'1998'),(975,5,185,'1998'),(976,5,186,'1998'),(977,5,187,'1998'),(978,5,188,'1998'),(979,5,197,'1998'),(980,5,200,'1998'),(981,5,202,'1998'),(982,5,203,'1998'),(983,5,205,'1998'),(984,5,206,'1998'),(985,5,220,'1998'),(986,5,221,'1998'),(987,5,222,'1998'),(988,5,223,'1998'),(989,5,228,'1998'),(990,5,155,'1999'),(991,5,156,'1999'),(992,5,157,'1999'),(993,5,179,'1999'),(994,5,159,'1999'),(995,5,208,'1999'),(996,5,166,'1999'),(997,5,167,'1999'),(998,5,170,'1999'),(999,5,183,'1999'),(1000,5,184,'1999');
/*!40000 ALTER TABLE `db_cars_years` ENABLE KEYS */;
UNLOCK TABLES;

--
-- Table structure for table `db_geo_cities`
--

DROP TABLE IF EXISTS `db_geo_cities`;
/*!40101 SET @saved_cs_client     = @@character_set_client */;
/*!40101 SET character_set_client = utf8 */;
CREATE TABLE `db_geo_cities` (
  `id` int(10) unsigned NOT NULL AUTO_INCREMENT,
  `country_id` smallint(5) unsigned NOT NULL DEFAULT '1' COMMENT 'Country ID from db_geo_countries table',
  `zip` varchar(250) NOT NULL DEFAULT '' COMMENT 'ZIP code. 250 limit for future use',
  `state` varchar(250) NOT NULL DEFAULT '' COMMENT 'State. 250 limit for future use',
  `state_id` int(10) unsigned NOT NULL DEFAULT '0' COMMENT 'State ID from db_geo_states',
  `city` varchar(250) NOT NULL DEFAULT '' COMMENT 'City.  250 limit for future use',
  `lat` decimal(9,6) NOT NULL DEFAULT '0.000000' COMMENT 'Latitude',
  `lng` decimal(9,6) NOT NULL DEFAULT '0.000000' COMMENT 'Longitude',
  PRIMARY KEY (`id`),
  KEY `country_id` (`country_id`),
  KEY `name` (`city`),
  KEY `zip` (`zip`)
) ENGINE=InnoDB AUTO_INCREMENT=1001 DEFAULT CHARSET=utf8;
/*!40101 SET character_set_client = @saved_cs_client */;

--
-- Dumping data for table `db_geo_cities`
--

LOCK TABLES `db_geo_cities` WRITE;
/*!40000 ALTER TABLE `db_geo_cities` DISABLE KEYS */;
INSERT INTO `db_geo_cities` VALUES (1,1,'35004','AL',0,'Acmar',33.584132,-86.515570),(2,1,'35005','AL',0,'Adamsville',33.588437,-86.959727),(3,1,'35006','AL',0,'Adger',33.434277,-87.167455),(4,1,'35007','AL',0,'Keystone',33.236868,-86.812861),(5,1,'35010','AL',0,'New Site',32.941445,-85.951086),(6,1,'35014','AL',0,'Alpine',33.331165,-86.208934),(7,1,'35016','AL',0,'Arab',34.328339,-86.489638),(8,1,'35019','AL',0,'Baileyton',34.268298,-86.621299),(9,1,'35020','AL',0,'Bessemer',33.409002,-86.947547),(10,1,'35023','AL',0,'Hueytown',33.414625,-86.999607),(11,1,'35031','AL',0,'Blountsville',34.092937,-86.568628),(12,1,'35033','AL',0,'Bremen',33.973664,-87.004281),(13,1,'35034','AL',0,'Brent',32.935670,-87.211387),(14,1,'35035','AL',0,'Brierfield',33.042747,-86.951672),(15,1,'35040','AL',0,'Calera',33.109800,-86.755987),(16,1,'35042','AL',0,'Centreville',32.950324,-87.119240),(17,1,'35043','AL',0,'Chelsea',33.371582,-86.614132),(18,1,'35044','AL',0,'Coosa Pines',33.266928,-86.337622),(19,1,'35045','AL',0,'Clanton',32.835532,-86.642472),(20,1,'35049','AL',0,'Cleveland',33.992106,-86.559355),(21,1,'35051','AL',0,'Columbiana',33.176964,-86.616145),(22,1,'35053','AL',0,'Crane Hill',34.082117,-87.048395),(23,1,'35054','AL',0,'Cropwell',33.506448,-86.280026),(24,1,'35055','AL',0,'Cullman',34.176146,-86.829777),(25,1,'35061','AL',0,'Dolomite',33.465424,-86.956435),(26,1,'35062','AL',0,'Dora',33.734947,-87.040148),(27,1,'35063','AL',0,'Empire',33.825589,-87.016139),(28,1,'35064','AL',0,'Fairfield',33.473494,-86.918262),(29,1,'35068','AL',0,'Coalburg',33.611283,-86.813614),(30,1,'35071','AL',0,'Gardendale',33.718910,-86.822481),(31,1,'35072','AL',0,'Goodwater',33.074642,-86.078149),(32,1,'35073','AL',0,'Alden',33.633560,-86.948221),(33,1,'35077','AL',0,'Hanceville',34.051569,-86.784844),(34,1,'35078','AL',0,'Harpersville',33.367460,-86.429441),(35,1,'35079','AL',0,'Hayden',33.885806,-86.817670),(36,1,'35080','AL',0,'Helena',33.316978,-86.813786),(37,1,'35083','AL',0,'Holly Pond',34.190085,-86.617441),(38,1,'35085','AL',0,'Jemison',32.980539,-86.718052),(39,1,'35087','AL',0,'Joppa',34.283739,-86.551939),(40,1,'35089','AL',0,'Kellyton',32.979068,-86.048397),(41,1,'35091','AL',0,'Kimberly',33.768355,-86.808417),(42,1,'35094','AL',0,'Leeds',33.528333,-86.574824),(43,1,'35096','AL',0,'Lincoln',33.605913,-86.111152),(44,1,'35098','AL',0,'Logan',34.184079,-87.038115),(45,1,'35111','AL',0,'Mc Calla',33.284546,-87.102379),(46,1,'35114','AL',0,'Maylene',33.231694,-86.872745),(47,1,'35115','AL',0,'Montevallo',33.124765,-86.862228),(48,1,'35116','AL',0,'Morris',33.739172,-86.772551),(49,1,'35117','AL',0,'Mount Olive',33.676780,-86.871710),(50,1,'35118','AL',0,'Sylvan Springs',33.540696,-87.043998),(51,1,'35120','AL',0,'Odenville',33.675611,-86.408952),(52,1,'35121','AL',0,'Oneonta',33.925858,-86.474118),(53,1,'35124','AL',0,'Indian Springs',33.310460,-86.806176),(54,1,'35125','AL',0,'Pell City',33.597889,-86.343151),(55,1,'35126','AL',0,'Dixiana',33.708131,-86.656542),(56,1,'35127','AL',0,'Pleasant Grove',33.488336,-86.976586),(57,1,'35130','AL',0,'Quinton',33.656065,-87.100660),(58,1,'35131','AL',0,'Ragland',33.736677,-86.161900),(59,1,'35133','AL',0,'Remlap',33.846204,-86.641662),(60,1,'35135','AL',0,'Riverside',33.608832,-86.198341),(61,1,'35136','AL',0,'Rockford',32.877957,-86.240006),(62,1,'35143','AL',0,'Shelby',33.078483,-86.553606),(63,1,'35146','AL',0,'Springville',33.738647,-86.439407),(64,1,'35147','AL',0,'Sterrett',33.446103,-86.491732),(65,1,'35148','AL',0,'Sumiton',33.768005,-87.044545),(66,1,'35150','AL',0,'Sylacauga',33.171675,-86.271257),(67,1,'35160','AL',0,'Talladega',33.435445,-86.113352),(68,1,'35171','AL',0,'Thorsby',32.923755,-86.746724),(69,1,'35172','AL',0,'Trafford',33.819038,-86.743414),(70,1,'35173','AL',0,'Trussville',33.633932,-86.598068),(71,1,'35175','AL',0,'Union Grove',34.409345,-86.462793),(72,1,'35176','AL',0,'Vandiver',33.480704,-86.501278),(73,1,'35178','AL',0,'Vincent',33.401049,-86.399425),(74,1,'35179','AL',0,'Vinemont',34.262121,-86.912512),(75,1,'35180','AL',0,'Warrior',33.852862,-86.819849),(76,1,'35183','AL',0,'Weogufka',33.023810,-86.304203),(77,1,'35184','AL',0,'West Blocton',33.142431,-87.136940),(78,1,'35186','AL',0,'Wilsonville',33.229255,-86.529894),(79,1,'35188','AL',0,'Woodstock',33.169808,-87.163469),(80,1,'35203','AL',0,'Birmingham',33.520994,-86.806626),(81,1,'35204','AL',0,'Birmingham',33.517950,-86.837198),(82,1,'35205','AL',0,'Birmingham',33.495144,-86.805937),(83,1,'35206','AL',0,'Birmingham',33.567797,-86.719854),(84,1,'35207','AL',0,'Birmingham',33.559383,-86.815344),(85,1,'35208','AL',0,'Birmingham',33.497658,-86.879884),(86,1,'35209','AL',0,'Homewood',33.469624,-86.806738),(87,1,'35210','AL',0,'Irondale',33.532797,-86.685697),(88,1,'35211','AL',0,'Birmingham',33.481565,-86.859040),(89,1,'35212','AL',0,'Birmingham',33.540883,-86.749524),(90,1,'35213','AL',0,'Crestline Height',33.508195,-86.742108),(91,1,'35214','AL',0,'Birmingham',33.555445,-86.886989),(92,1,'35215','AL',0,'Center Point',33.635447,-86.693197),(93,1,'35216','AL',0,'Vestavia Hills',33.415310,-86.790425),(94,1,'35217','AL',0,'Birmingham',33.588700,-86.764995),(95,1,'35218','AL',0,'Birmingham',33.505972,-86.892993),(96,1,'35221','AL',0,'Birmingham',33.452316,-86.893493),(97,1,'35222','AL',0,'Birmingham',33.521859,-86.766579),(98,1,'35223','AL',0,'Mountain Brook',33.488726,-86.736584),(99,1,'35224','AL',0,'Birmingham',33.519126,-86.934193),(100,1,'35226','AL',0,'Bluff Park',33.403675,-86.831257),(101,1,'35228','AL',0,'Midfield',33.462446,-86.914703),(102,1,'35233','AL',0,'Birmingham',33.506161,-86.800257),(103,1,'35234','AL',0,'Birmingham',33.537750,-86.806850),(104,1,'35235','AL',0,'Center Point',33.618045,-86.661051),(105,1,'35242','AL',0,'Shoal Creek',33.401559,-86.705511),(106,1,'35243','AL',0,'Cahaba Heights',33.446053,-86.743676),(107,1,'35244','AL',0,'Hoover',33.371776,-86.776381),(108,1,'35401','AL',0,'Tuscaloosa',33.196891,-87.562666),(109,1,'35404','AL',0,'Holt',33.210914,-87.488079),(110,1,'35405','AL',0,'Tuscaloosa',33.161704,-87.514435),(111,1,'35406','AL',0,'Tuscaloosa',33.272174,-87.536035),(112,1,'35441','AL',0,'Stewart',32.872354,-87.708558),(113,1,'35442','AL',0,'Aliceville',33.122813,-88.166689),(114,1,'35443','AL',0,'Boligee',32.774646,-88.026652),(115,1,'35444','AL',0,'Brookwood',33.277523,-87.309025),(116,1,'35446','AL',0,'Buhl',33.249448,-87.718886),(117,1,'35447','AL',0,'Carrollton',33.248506,-88.132122),(118,1,'35452','AL',0,'Coker',33.252612,-87.636528),(119,1,'35453','AL',0,'Cottondale',33.176667,-87.387051),(120,1,'35456','AL',0,'Duncanville',33.082815,-87.494977),(121,1,'35457','AL',0,'Echola',33.316559,-87.807202),(122,1,'35458','AL',0,'Elrod',33.343678,-87.801429),(123,1,'35459','AL',0,'Emelle',32.754963,-88.305747),(124,1,'35460','AL',0,'Epes',32.763371,-88.161443),(125,1,'35461','AL',0,'Ethelsville',33.386816,-88.221987),(126,1,'35462','AL',0,'Eutaw',32.888871,-87.930297),(127,1,'35463','AL',0,'Fosters',33.135859,-87.735688),(128,1,'35464','AL',0,'Gainesville',32.908364,-88.271558),(129,1,'35466','AL',0,'Gordo',33.346917,-87.900504),(130,1,'35469','AL',0,'Knoxville',32.982423,-87.791855),(131,1,'35470','AL',0,'Coatopa',32.588509,-88.173592),(132,1,'35474','AL',0,'Cypress',32.978853,-87.615134),(133,1,'35476','AL',0,'Northport',33.283425,-87.591441),(134,1,'35480','AL',0,'Ralph',33.062868,-87.744984),(135,1,'35481','AL',0,'Reform',33.395945,-88.020277),(136,1,'35490','AL',0,'Vance',33.174980,-87.257362),(137,1,'35501','AL',0,'Jasper',33.871672,-87.249144),(138,1,'35540','AL',0,'Addison',34.205571,-87.194766),(139,1,'35541','AL',0,'Arley',34.063234,-87.182761),(140,1,'35542','AL',0,'Bankston',33.700830,-87.689650),(141,1,'35543','AL',0,'Bear Creek',34.213469,-87.686083),(142,1,'35544','AL',0,'Beaverton',33.942877,-88.015670),(143,1,'35546','AL',0,'Berry',33.694485,-87.622563),(144,1,'35548','AL',0,'Brilliant',34.037702,-87.756315),(145,1,'35549','AL',0,'Carbon Hill',33.909252,-87.540328),(146,1,'35550','AL',0,'Cordova',33.768033,-87.184060),(147,1,'35552','AL',0,'Detroit',34.010874,-88.160630),(148,1,'35553','AL',0,'Double Springs',34.138682,-87.397431),(149,1,'35554','AL',0,'Eldridge',33.931546,-87.619397),(150,1,'35555','AL',0,'Fayette',33.697397,-87.834647),(151,1,'35563','AL',0,'Guin',33.967624,-87.902380),(152,1,'35564','AL',0,'Hackleburg',34.267803,-87.860762),(153,1,'35565','AL',0,'Haleyville',34.231423,-87.593811),(154,1,'35570','AL',0,'Hamilton',34.153413,-88.008521),(155,1,'35571','AL',0,'Hodges',34.341664,-87.959023),(156,1,'35572','AL',0,'Houston',34.118042,-87.261830),(157,1,'35574','AL',0,'Kennedy',33.574964,-88.051720),(158,1,'35575','AL',0,'Lynn',34.052984,-87.539814),(159,1,'35576','AL',0,'Millport',33.540130,-88.200003),(160,1,'35578','AL',0,'Nauvoo',33.929859,-87.432449),(161,1,'35579','AL',0,'Oakman',33.700174,-87.368574),(162,1,'35580','AL',0,'Parrish',33.721307,-87.265773),(163,1,'35581','AL',0,'Phil Campbell',34.347018,-87.715431),(164,1,'35582','AL',0,'Red Bay',34.451259,-88.112914),(165,1,'35585','AL',0,'Spruce Pine',34.384796,-87.712149),(166,1,'35586','AL',0,'Sulligent',33.854900,-88.150774),(167,1,'35587','AL',0,'Townley',33.847020,-87.437248),(168,1,'35592','AL',0,'Vernon',33.761285,-88.097919),(169,1,'35593','AL',0,'Vina',34.371160,-88.077422),(170,1,'35594','AL',0,'Winfield',33.930256,-87.797160),(171,1,'35601','AL',0,'Decatur',34.589599,-86.988680),(172,1,'35603','AL',0,'Decatur',34.548417,-87.000389),(173,1,'35610','AL',0,'Anderson',34.951777,-87.272327),(174,1,'35611','AL',0,'Athens',34.803604,-86.970733),(175,1,'35616','AL',0,'Cherokee',34.744188,-87.972445),(176,1,'35618','AL',0,'Courtland',34.671866,-87.314255),(177,1,'35619','AL',0,'Danville',34.452189,-87.053187),(178,1,'35620','AL',0,'Elkmont',34.915241,-86.910452),(179,1,'35621','AL',0,'Eva',34.347778,-86.704427),(180,1,'35622','AL',0,'Falkville',34.347653,-86.913086),(181,1,'35630','AL',0,'Florence',34.830547,-87.655985),(182,1,'35633','AL',0,'Florence',34.882471,-87.739778),(183,1,'35640','AL',0,'Hartselle',34.448206,-86.924235),(184,1,'35643','AL',0,'Hillsboro',34.647630,-87.180379),(185,1,'35645','AL',0,'Killen',34.901632,-87.508185),(186,1,'35646','AL',0,'Leighton',34.710982,-87.522133),(187,1,'35647','AL',0,'Lester',34.918364,-87.143396),(188,1,'35648','AL',0,'Lexington',34.955924,-87.393519),(189,1,'35650','AL',0,'Moulton',34.505836,-87.222385),(190,1,'35651','AL',0,'Mount Hope',34.462969,-87.451453),(191,1,'35652','AL',0,'Rogersville',34.849544,-87.323671),(192,1,'35653','AL',0,'Russellville',34.506568,-87.725726),(193,1,'35660','AL',0,'Sheffield',34.757829,-87.697057),(194,1,'35661','AL',0,'Muscle Shoals',34.756136,-87.630443),(195,1,'35670','AL',0,'Somerville',34.499548,-86.800931),(196,1,'35671','AL',0,'Tanner',34.713037,-86.989152),(197,1,'35672','AL',0,'Town Creek',34.649138,-87.426195),(198,1,'35673','AL',0,'Trinity',34.591771,-87.091270),(199,1,'35674','AL',0,'Tuscumbia',34.687432,-87.683259),(200,1,'35677','AL',0,'Waterloo',34.935680,-87.962412),(201,1,'35739','AL',0,'Ardmore',34.980447,-86.834612),(202,1,'35740','AL',0,'Bridgeport',34.944638,-85.727681),(203,1,'35741','AL',0,'Brownsboro',34.716733,-86.468703),(204,1,'35744','AL',0,'Dutton',34.604558,-85.906729),(205,1,'35745','AL',0,'Estillfork',34.913017,-86.171571),(206,1,'35746','AL',0,'Fackler',34.825890,-85.984648),(207,1,'35747','AL',0,'Grant',34.495902,-86.259041),(208,1,'35748','AL',0,'Gurley',34.713964,-86.394028),(209,1,'35749','AL',0,'Harvest',34.827320,-86.749929),(210,1,'35750','AL',0,'Hazel Green',34.949627,-86.593484),(211,1,'35751','AL',0,'Hollytree',34.798979,-86.233627),(212,1,'35752','AL',0,'Hollywood',34.730428,-85.953173),(213,1,'35754','AL',0,'Laceys Spring',34.499647,-86.612869),(214,1,'35755','AL',0,'Langston',34.497831,-86.105630),(215,1,'35758','AL',0,'Triana',34.713409,-86.750951),(216,1,'35759','AL',0,'Meridianville',34.861779,-86.578879),(217,1,'35760','AL',0,'New Hope',34.549445,-86.396100),(218,1,'35761','AL',0,'New Market',34.899991,-86.448742),(219,1,'35763','AL',0,'Big Cove',34.612859,-86.466577),(220,1,'35764','AL',0,'Paint Rock',34.667122,-86.332562),(221,1,'35765','AL',0,'Pisgah',34.688601,-85.803044),(222,1,'35766','AL',0,'Princeton',34.840217,-86.250068),(223,1,'35768','AL',0,'Hytop',34.672270,-86.051336),(224,1,'35771','AL',0,'Section',34.543275,-85.994002),(225,1,'35772','AL',0,'Stevenson',34.876885,-85.850803),(226,1,'35773','AL',0,'Toney',34.911644,-86.699951),(227,1,'35774','AL',0,'Trenton',34.740065,-86.291264),(228,1,'35775','AL',0,'Valhermoso Sprin',34.538145,-86.678000),(229,1,'35776','AL',0,'Woodville',34.668927,-86.229610),(230,1,'35801','AL',0,'Huntsville',34.726866,-86.567318),(231,1,'35802','AL',0,'Huntsville',34.667922,-86.560347),(232,1,'35803','AL',0,'Huntsville',34.620506,-86.550960),(233,1,'35805','AL',0,'Huntsville',34.705943,-86.616493),(234,1,'35806','AL',0,'Huntsville',34.744765,-86.670411),(235,1,'35808','AL',0,'Huntsville',34.684525,-86.653821),(236,1,'35810','AL',0,'Huntsville',34.778378,-86.609063),(237,1,'35811','AL',0,'Huntsville',34.778949,-86.543786),(238,1,'35816','AL',0,'Huntsville',34.738864,-86.624948),(239,1,'35824','AL',0,'Huntsville',34.658321,-86.729486),(240,1,'35901','AL',0,'Southside',33.997248,-86.010279),(241,1,'35903','AL',0,'Hokes Bluff',33.997057,-85.928724),(242,1,'35904','AL',0,'Gadsden',34.021694,-86.049479),(243,1,'35905','AL',0,'Glencoe',33.956787,-85.927586),(244,1,'35950','AL',0,'Albertville',34.273859,-86.206447),(245,1,'35952','AL',0,'Snead',34.042916,-86.350879),(246,1,'35953','AL',0,'Ashville',33.837366,-86.255167),(247,1,'35954','AL',0,'Attalla',34.029597,-86.096717),(248,1,'35957','AL',0,'Boaz',34.173686,-86.148003),(249,1,'35958','AL',0,'Bryant',34.945026,-85.632445),(250,1,'35959','AL',0,'Cedar Bluff',34.241662,-85.602567),(251,1,'35960','AL',0,'Centre',34.111592,-85.609229),(252,1,'35961','AL',0,'Collinsville',34.267957,-85.861969),(253,1,'35962','AL',0,'Crossville',34.258784,-86.030575),(254,1,'35963','AL',0,'Dawson',34.356838,-85.929161),(255,1,'35966','AL',0,'Flat Rock',34.807598,-85.708372),(256,1,'35967','AL',0,'Fort Payne',34.436792,-85.712394),(257,1,'35971','AL',0,'Fyffe',34.437284,-85.928849),(258,1,'35972','AL',0,'Gallant',33.997586,-86.234606),(259,1,'35973','AL',0,'Gaylesville',34.357324,-85.558893),(260,1,'35974','AL',0,'Geraldine',34.343864,-86.040393),(261,1,'35975','AL',0,'Groveoak',34.435874,-86.040023),(262,1,'35976','AL',0,'Guntersville',34.321930,-86.305463),(263,1,'35978','AL',0,'Henagar',34.618604,-85.727381),(264,1,'35979','AL',0,'Higdon',34.873247,-85.622507),(265,1,'35980','AL',0,'Horton',34.190033,-86.317318),(266,1,'35981','AL',0,'Ider',34.735059,-85.641577),(267,1,'35983','AL',0,'Leesburg',34.191083,-85.770510),(268,1,'35984','AL',0,'Mentone',34.587236,-85.577728),(269,1,'35986','AL',0,'Rainsville',34.498884,-85.844605),(270,1,'35987','AL',0,'Steele',33.941679,-86.228929),(271,1,'35988','AL',0,'Sylvania',34.558962,-85.792128),(272,1,'35989','AL',0,'Valley Head',34.569700,-85.627208),(273,1,'36003','AL',0,'Autaugaville',32.462462,-86.714938),(274,1,'36004','AL',0,'Eufaula',31.786701,-85.239657),(275,1,'36005','AL',0,'Banks',31.836792,-85.799844),(276,1,'36006','AL',0,'Billingsley',32.610578,-86.716301),(277,1,'36009','AL',0,'Brantley',31.570963,-86.274343),(278,1,'36010','AL',0,'Brundidge',31.701324,-85.817668),(279,1,'36013','AL',0,'Cecil',32.300891,-86.011241),(280,1,'36016','AL',0,'Clayton',31.887413,-85.450932),(281,1,'36017','AL',0,'Clio',31.685210,-85.590419),(282,1,'36022','AL',0,'Deatsville',32.613405,-86.338211),(283,1,'36024','AL',0,'Eclectic',32.654190,-86.031614),(284,1,'36025','AL',0,'Elmore',32.545378,-86.316134),(285,1,'36026','AL',0,'Equality',32.813908,-86.105064),(286,1,'36027','AL',0,'Eufaula',31.905063,-85.165605),(287,1,'36028','AL',0,'Dozier',31.506614,-86.366315),(288,1,'36029','AL',0,'Fitzpatrick',32.151607,-85.888329),(289,1,'36030','AL',0,'Forest Home',31.853180,-86.786377),(290,1,'36031','AL',0,'Fort Davis',32.289450,-85.700688),(291,1,'36032','AL',0,'Fort Deposit',31.995979,-86.576142),(292,1,'36033','AL',0,'Georgiana',31.628662,-86.733965),(293,1,'36034','AL',0,'Glenwood',31.664143,-86.170972),(294,1,'36035','AL',0,'Goshen',31.824970,-86.104851),(295,1,'36036','AL',0,'Grady',32.019397,-86.129246),(296,1,'36037','AL',0,'Greenville',31.810036,-86.622919),(297,1,'36038','AL',0,'Gantt',31.416909,-86.419836),(298,1,'36039','AL',0,'Hardaway',32.312939,-85.883837),(299,1,'36040','AL',0,'Hayneville',32.195707,-86.654994),(300,1,'36041','AL',0,'Highland Home',31.928292,-86.297111),(301,1,'36042','AL',0,'Honoraville',31.878397,-86.398064),(302,1,'36043','AL',0,'Hope Hull',32.224256,-86.393189),(303,1,'36046','AL',0,'Lapine',31.985423,-86.278534),(304,1,'36047','AL',0,'Letohatchee',32.086199,-86.488013),(305,1,'36048','AL',0,'Louisville',31.794262,-85.558062),(306,1,'36049','AL',0,'Luverne',31.707390,-86.256601),(307,1,'36051','AL',0,'Marbury',32.639373,-86.510138),(308,1,'36052','AL',0,'Mathews',32.128288,-86.041262),(309,1,'36053','AL',0,'Midway',32.095520,-85.531523),(310,1,'36054','AL',0,'Millbrook',32.499485,-86.364125),(311,1,'36061','AL',0,'Perote',32.003459,-85.747730),(312,1,'36064','AL',0,'Pike Road',32.335705,-86.095890),(313,1,'36066','AL',0,'Prattville',32.478695,-86.429970),(314,1,'36067','AL',0,'Prattville',32.471501,-86.483072),(315,1,'36069','AL',0,'Ramer',32.067745,-86.246329),(316,1,'36071','AL',0,'Rutledge',31.755867,-86.348464),(317,1,'36075','AL',0,'Shorter',32.383585,-85.916160),(318,1,'36078','AL',0,'Tallassee',32.550997,-85.897810),(319,1,'36080','AL',0,'Titus',32.690019,-86.239334),(320,1,'36081','AL',0,'Troy',31.794471,-85.965493),(321,1,'36083','AL',0,'Tuskegee',32.431623,-85.686060),(322,1,'36088','AL',0,'Tuskegee Institu',32.417699,-85.714848),(323,1,'36089','AL',0,'Union Springs',32.166252,-85.678746),(324,1,'36091','AL',0,'Verbena',32.759565,-86.543753),(325,1,'36092','AL',0,'Wetumpka',32.545090,-86.188039),(326,1,'36104','AL',0,'Montgomery',32.373037,-86.308129),(327,1,'36105','AL',0,'Montgomery',32.325730,-86.310449),(328,1,'36106','AL',0,'Montgomery',32.354268,-86.267278),(329,1,'36107','AL',0,'Montgomery',32.380405,-86.279885),(330,1,'36108','AL',0,'Montgomery',32.341682,-86.352904),(331,1,'36109','AL',0,'Montgomery',32.383443,-86.243394),(332,1,'36110','AL',0,'Montgomery',32.421686,-86.274997),(333,1,'36111','AL',0,'Montgomery',32.337363,-86.271543),(334,1,'36113','AL',0,'Maxwell A F B',32.388133,-86.355848),(335,1,'36115','AL',0,'Gunter Afs',32.406814,-86.247327),(336,1,'36116','AL',0,'Montgomery',32.312943,-86.242056),(337,1,'36117','AL',0,'Montgomery',32.373568,-86.183299),(338,1,'36201','AL',0,'Anniston',33.653896,-85.838152),(339,1,'36203','AL',0,'Oxford',33.596829,-85.833470),(340,1,'36205','AL',0,'Fort Mc Clellan',33.710168,-85.801467),(341,1,'36206','AL',0,'Anniston',33.719124,-85.838904),(342,1,'36250','AL',0,'Alexandria',33.780785,-85.892447),(343,1,'36251','AL',0,'Ashland',33.247363,-85.828976),(344,1,'36255','AL',0,'Cragford',33.217148,-85.710797),(345,1,'36256','AL',0,'Daviston',33.033471,-85.753831),(346,1,'36258','AL',0,'Delta',33.457303,-85.679279),(347,1,'36260','AL',0,'Eastaboga',33.603132,-85.960750),(348,1,'36262','AL',0,'Fruithurst',33.771732,-85.438140),(349,1,'36263','AL',0,'Graham',33.462976,-85.334034),(350,1,'36264','AL',0,'Heflin',33.611515,-85.588471),(351,1,'36265','AL',0,'Jacksonville',33.830966,-85.775180),(352,1,'36266','AL',0,'Lineville',33.328613,-85.734609),(353,1,'36267','AL',0,'Millerville',33.158959,-85.969001),(354,1,'36268','AL',0,'Munford',33.540987,-85.936322),(355,1,'36269','AL',0,'Muscadine',33.752913,-85.378907),(356,1,'36270','AL',0,'Newell',33.440172,-85.505925),(357,1,'36271','AL',0,'Ohatchee',33.778779,-86.025357),(358,1,'36272','AL',0,'Piedmont',33.838946,-85.645997),(359,1,'36273','AL',0,'Ranburne',33.561627,-85.378604),(360,1,'36274','AL',0,'Rock Mills',33.156443,-85.357854),(361,1,'36276','AL',0,'Wadley',33.149192,-85.551344),(362,1,'36277','AL',0,'Weaver',33.756286,-85.810666),(363,1,'36278','AL',0,'Wedowee',33.301854,-85.473737),(364,1,'36279','AL',0,'Wellington',33.863843,-85.915325),(365,1,'36280','AL',0,'Woodland',33.355453,-85.353768),(366,1,'36301','AL',0,'Taylor',31.202888,-85.418036),(367,1,'36303','AL',0,'Napier Field',31.255239,-85.412462),(368,1,'36310','AL',0,'Abbeville',31.575479,-85.279044),(369,1,'36311','AL',0,'Ariton',31.582996,-85.707716),(370,1,'36312','AL',0,'Ashford',31.188800,-85.253488),(371,1,'36314','AL',0,'Black',31.013180,-85.745634),(372,1,'36316','AL',0,'Chancellor',31.173379,-85.910897),(373,1,'36317','AL',0,'Clopton',31.602843,-85.482308),(374,1,'36318','AL',0,'Coffee Springs',31.138758,-85.918224),(375,1,'36319','AL',0,'Columbia',31.335235,-85.145488),(376,1,'36320','AL',0,'Cottonwood',31.098934,-85.375665),(377,1,'36322','AL',0,'Daleville',31.281091,-85.730473),(378,1,'36323','AL',0,'Elba',31.413730,-86.077728),(379,1,'36330','AL',0,'Enterprise',31.340789,-85.842111),(380,1,'36340','AL',0,'Geneva',31.041445,-85.884748),(381,1,'36343','AL',0,'Gordon',31.100190,-85.123412),(382,1,'36344','AL',0,'Hartford',31.085980,-85.719204),(383,1,'36345','AL',0,'Headland',31.353406,-85.332277),(384,1,'36346','AL',0,'Jack',31.552392,-86.043083),(385,1,'36349','AL',0,'Malvern',31.157528,-85.522327),(386,1,'36350','AL',0,'Midland City',31.367160,-85.513033),(387,1,'36351','AL',0,'New Brockton',31.368980,-85.940386),(388,1,'36352','AL',0,'Newton',31.331064,-85.599229),(389,1,'36353','AL',0,'Newville',31.440295,-85.328741),(390,1,'36360','AL',0,'Ozark',31.439069,-85.643629),(391,1,'36362','AL',0,'Fort Rucker',31.348011,-85.721374),(392,1,'36370','AL',0,'Pansey',31.131778,-85.238549),(393,1,'36373','AL',0,'Shorterville',31.625627,-85.145840),(394,1,'36374','AL',0,'Skipperville',31.551588,-85.549578),(395,1,'36375','AL',0,'Slocomb',31.095558,-85.582954),(396,1,'36376','AL',0,'Webb',31.265618,-85.254385),(397,1,'36401','AL',0,'Evergreen',31.458009,-86.925771),(398,1,'36419','AL',0,'Allen',31.624266,-87.667460),(399,1,'36420','AL',0,'Andalusia',31.297142,-86.490468),(400,1,'36425','AL',0,'Beatrice',31.727324,-87.171912),(401,1,'36426','AL',0,'East Brewton',31.118926,-87.067325),(402,1,'36432','AL',0,'Castleberry',31.326113,-87.026754),(403,1,'36435','AL',0,'Coy',31.888851,-87.392558),(404,1,'36436','AL',0,'Dickinson',31.717167,-87.656929),(405,1,'36441','AL',0,'Flomaton',31.040233,-87.266365),(406,1,'36442','AL',0,'Florala',31.017194,-86.338528),(407,1,'36444','AL',0,'Franklin',31.723815,-87.441237),(408,1,'36445','AL',0,'Frisco City',31.423478,-87.381744),(409,1,'36446','AL',0,'Fulton',31.790947,-87.708065),(410,1,'36451','AL',0,'Grove Hill',31.675502,-87.763571),(411,1,'36453','AL',0,'Kinston',31.262118,-86.069532),(412,1,'36454','AL',0,'Lenox',31.327261,-87.196710),(413,1,'36456','AL',0,'Mc Kenzie',31.544950,-86.735615),(414,1,'36460','AL',0,'Monroeville',31.515330,-87.340993),(415,1,'36467','AL',0,'Opp',31.279861,-86.257105),(416,1,'36471','AL',0,'Peterman',31.589953,-87.259984),(417,1,'36473','AL',0,'Range',31.301690,-87.319739),(418,1,'36474','AL',0,'Red Level',31.439931,-86.612090),(419,1,'36475','AL',0,'Repton',31.425569,-87.172039),(420,1,'36477','AL',0,'Samson',31.104918,-86.067416),(421,1,'36480','AL',0,'Uriah',31.313467,-87.570518),(422,1,'36481','AL',0,'Vredenburgh',31.734430,-87.416184),(423,1,'36482','AL',0,'Whatley',31.639453,-87.656502),(424,1,'36483','AL',0,'Wing',31.148127,-86.561190),(425,1,'36502','AL',0,'Atmore',31.057245,-87.487347),(426,1,'36505','AL',0,'Axis',31.006817,-88.042740),(427,1,'36507','AL',0,'Bay Minette',30.863540,-87.764440),(428,1,'36509','AL',0,'Bayou La Batre',30.407983,-88.250697),(429,1,'36510','AL',0,'Bigbee',31.589072,-88.165294),(430,1,'36511','AL',0,'Bon Secour',30.328883,-87.721355),(431,1,'36515','AL',0,'Carlton',31.322449,-87.837793),(432,1,'36518','AL',0,'Chatom',31.487638,-88.269887),(433,1,'36521','AL',0,'Chunchula',30.991178,-88.131126),(434,1,'36522','AL',0,'Citronelle',31.042533,-88.254949),(435,1,'36523','AL',0,'Coden',30.418834,-88.168276),(436,1,'36524','AL',0,'Coffeeville',31.784280,-88.071542),(437,1,'36525','AL',0,'Creola',30.901267,-88.017414),(438,1,'36526','AL',0,'Daphne',30.619720,-87.889522),(439,1,'36527','AL',0,'Spanish Fort',30.695852,-87.886680),(440,1,'36528','AL',0,'Dauphin Island',30.252057,-88.109644),(441,1,'36529','AL',0,'Deer Park',31.184892,-88.327310),(442,1,'36530','AL',0,'Elberta',30.394239,-87.588960),(443,1,'36532','AL',0,'Fairhope',30.501160,-87.883546),(444,1,'36535','AL',0,'Foley',30.400664,-87.685737),(445,1,'36538','AL',0,'Frankville',31.646840,-88.133185),(446,1,'36539','AL',0,'Fruitdale',31.348843,-88.376597),(447,1,'36540','AL',0,'Gainestown',31.425822,-87.682176),(448,1,'36541','AL',0,'Grand Bay',30.498288,-88.328250),(449,1,'36542','AL',0,'Fort Morgan',30.268954,-87.712795),(450,1,'36544','AL',0,'Irvington',30.480241,-88.239563),(451,1,'36545','AL',0,'Jackson',31.513098,-87.867192),(452,1,'36548','AL',0,'Leroy',31.491021,-87.968672),(453,1,'36549','AL',0,'Lillian',30.397240,-87.474452),(454,1,'36550','AL',0,'Little River',31.224590,-87.754796),(455,1,'36551','AL',0,'Loxley',30.617964,-87.756240),(456,1,'36553','AL',0,'Mc Intosh',31.236108,-88.051102),(457,1,'36555','AL',0,'Magnolia Springs',30.394497,-87.785781),(458,1,'36558','AL',0,'Millry',31.626871,-88.355872),(459,1,'36560','AL',0,'Mount Vernon',31.097375,-88.035044),(460,1,'36561','AL',0,'Orange Beach',30.290596,-87.555888),(461,1,'36562','AL',0,'Perdido',30.980580,-87.628374),(462,1,'36567','AL',0,'Robertsdale',30.561608,-87.637268),(463,1,'36569','AL',0,'Saint Stephens',31.533028,-88.052094),(464,1,'36570','AL',0,'Salitpa',31.654667,-87.959618),(465,1,'36571','AL',0,'Saraland',30.833197,-88.093387),(466,1,'36572','AL',0,'Satsuma',30.851628,-88.053312),(467,1,'36574','AL',0,'Seminole',30.504806,-87.465938),(468,1,'36575','AL',0,'Semmes',30.754408,-88.266705),(469,1,'36576','AL',0,'Silverhill',30.522237,-87.745676),(470,1,'36579','AL',0,'Stockton',31.012930,-87.863323),(471,1,'36580','AL',0,'Summerdale',30.475225,-87.699183),(472,1,'36582','AL',0,'Theodore',30.544374,-88.180748),(473,1,'36583','AL',0,'Tibbie',31.373742,-88.266828),(474,1,'36584','AL',0,'Vinegar Bend',31.258410,-88.386466),(475,1,'36585','AL',0,'Wagarville',31.410205,-88.070519),(476,1,'36586','AL',0,'Walker Springs',31.626166,-87.835355),(477,1,'36587','AL',0,'Wilmer',30.813745,-88.333196),(478,1,'36602','AL',0,'Mobile',30.688828,-88.045308),(479,1,'36603','AL',0,'Mobile',30.692141,-88.056220),(480,1,'36604','AL',0,'Mobile',30.681963,-88.067804),(481,1,'36605','AL',0,'Mobile',30.634117,-88.084646),(482,1,'36606','AL',0,'Mobile',30.672899,-88.100909),(483,1,'36607','AL',0,'Mobile',30.697486,-88.102900),(484,1,'36608','AL',0,'Mobile',30.696360,-88.187784),(485,1,'36609','AL',0,'Mobile',30.660527,-88.161806),(486,1,'36610','AL',0,'Prichard',30.737846,-88.083761),(487,1,'36611','AL',0,'Chickasaw',30.766821,-88.084973),(488,1,'36612','AL',0,'Mobile',30.751844,-88.113110),(489,1,'36613','AL',0,'Eight Mile',30.795074,-88.182311),(490,1,'36615','AL',0,'Brookley Field',30.631199,-88.068871),(491,1,'36617','AL',0,'Mobile',30.714522,-88.091796),(492,1,'36618','AL',0,'Mobile',30.732178,-88.175753),(493,1,'36619','AL',0,'Mobile',30.592803,-88.194645),(494,1,'36693','AL',0,'Mobile',30.631076,-88.158843),(495,1,'36695','AL',0,'Mobile',30.647431,-88.229245),(496,1,'36701','AL',0,'Selma',32.419719,-87.024527),(497,1,'36703','AL',0,'Selma',32.415553,-87.013546),(498,1,'36720','AL',0,'Alberta',32.144889,-87.342503),(499,1,'36722','AL',0,'Arlington',32.066784,-87.559691),(500,1,'36726','AL',0,'Camden',32.004732,-87.295049),(501,1,'36727','AL',0,'Campbell',31.963512,-88.006072),(502,1,'36728','AL',0,'Catherine',32.182000,-87.483623),(503,1,'36732','AL',0,'Demopolis',32.490792,-87.839669),(504,1,'36736','AL',0,'Dixons Mills',32.067209,-87.745356),(505,1,'36738','AL',0,'Faunsdale',32.423259,-87.618079),(506,1,'36740','AL',0,'Forkland',32.644661,-87.881676),(507,1,'36742','AL',0,'Gallion',32.529771,-87.698542),(508,1,'36744','AL',0,'Greensboro',32.716721,-87.590494),(509,1,'36748','AL',0,'Linden',32.305343,-87.795358),(510,1,'36749','AL',0,'Jones',32.608515,-86.889266),(511,1,'36750','AL',0,'Maplesville',32.804507,-86.871704),(512,1,'36751','AL',0,'Lower Peach Tree',31.850365,-87.568224),(513,1,'36752','AL',0,'Burkville',32.300292,-86.609868),(514,1,'36754','AL',0,'Magnolia',32.141931,-87.699815),(515,1,'36756','AL',0,'Marion',32.646301,-87.331437),(516,1,'36758','AL',0,'Plantersville',32.617608,-86.947531),(517,1,'36759','AL',0,'Marion Junction',32.426589,-87.270181),(518,1,'36761','AL',0,'Boys Ranch',32.095387,-86.924970),(519,1,'36762','AL',0,'Morvin',31.967305,-87.972897),(520,1,'36765','AL',0,'Newbern',32.551465,-87.561472),(521,1,'36767','AL',0,'Orrville',32.294859,-87.221368),(522,1,'36768','AL',0,'Pine Apple',31.926522,-87.004667),(523,1,'36769','AL',0,'Pine Hill',31.973546,-87.577086),(524,1,'36771','AL',0,'Prairie',32.084762,-87.448723),(525,1,'36773','AL',0,'Safford',32.300242,-87.369345),(526,1,'36775','AL',0,'Sardis',32.284358,-86.991959),(527,1,'36776','AL',0,'Sawyerville',32.757796,-87.740201),(528,1,'36779','AL',0,'Sprott',32.654376,-87.141599),(529,1,'36782','AL',0,'Sweet Water',32.077272,-87.922755),(530,1,'36783','AL',0,'Thomaston',32.253776,-87.597438),(531,1,'36784','AL',0,'Thomasville',31.906728,-87.759842),(532,1,'36785','AL',0,'Benton',32.281924,-86.859867),(533,1,'36786','AL',0,'Uniontown',32.446966,-87.493398),(534,1,'36790','AL',0,'Stanton',32.709631,-86.886848),(535,1,'36792','AL',0,'Randolph',32.888834,-86.907010),(536,1,'36793','AL',0,'Lawley',32.864558,-86.956708),(537,1,'36801','AL',0,'Opelika',32.627771,-85.358629),(538,1,'36830','AL',0,'Auburn',32.602043,-85.489001),(539,1,'36850','AL',0,'Camp Hill',32.782749,-85.647380),(540,1,'36852','AL',0,'Cusseta',32.803194,-85.215791),(541,1,'36853','AL',0,'Dadeville',32.822390,-85.770395),(542,1,'36854','AL',0,'Valley',32.811349,-85.174911),(543,1,'36855','AL',0,'Five Points',33.042408,-85.324264),(544,1,'36858','AL',0,'Hatchechubbee',32.284531,-85.302882),(545,1,'36860','AL',0,'Hurtsboro',32.245429,-85.395903),(546,1,'36861','AL',0,'Jacksons Gap',32.879698,-85.848662),(547,1,'36862','AL',0,'Lafayette',32.925237,-85.442563),(548,1,'36863','AL',0,'Lanett',32.861609,-85.216080),(549,1,'36866','AL',0,'Notasulga',32.543727,-85.687070),(550,1,'36867','AL',0,'Phenix City',32.407816,-85.095082),(551,1,'36869','AL',0,'Phenix City',32.470647,-85.018118),(552,1,'36871','AL',0,'Pittsview',32.173346,-85.131248),(553,1,'36874','AL',0,'Salem',32.621157,-85.183966),(554,1,'36875','AL',0,'Seale',32.305339,-85.167733),(555,1,'36877','AL',0,'Smiths',32.520072,-85.100027),(556,1,'36879','AL',0,'Waverly',32.763167,-85.514372),(557,1,'36904','AL',0,'Butler',32.082906,-88.206391),(558,1,'36907','AL',0,'Cuba',32.410973,-88.361083),(559,1,'36908','AL',0,'Gilbertown',31.866602,-88.326514),(560,1,'36910','AL',0,'Jachin',32.244174,-88.233356),(561,1,'36912','AL',0,'Lisman',32.217722,-88.323419),(562,1,'36915','AL',0,'Needham',32.012165,-88.345798),(563,1,'36916','AL',0,'Pennington',32.226245,-88.093100),(564,1,'36919','AL',0,'Silas',31.766754,-88.309149),(565,1,'36921','AL',0,'Toxey',31.931530,-88.317940),(566,1,'36922','AL',0,'Ward',32.334063,-88.297114),(567,1,'36925','AL',0,'York',32.472765,-88.268304),(568,1,'98791','AK',0,'98791',51.938901,-176.310048),(569,1,'99501','AK',0,'Anchorage',61.211571,-149.876077),(570,1,'99502','AK',0,'Anchorage',61.096163,-150.093943),(571,1,'99503','AK',0,'Anchorage',61.189953,-149.893844),(572,1,'99504','AK',0,'Anchorage',61.203696,-149.744670),(573,1,'99505','AK',0,'Fort Richardson',61.275256,-149.675454),(574,1,'99506','AK',0,'Elmendorf Afb',61.251531,-149.812667),(575,1,'99507','AK',0,'Anchorage',61.153543,-149.828912),(576,1,'99508','AK',0,'Anchorage',61.205959,-149.810085),(577,1,'99515','AK',0,'Anchorage',61.119381,-149.897401),(578,1,'99516','AK',0,'Anchorage',61.105410,-149.779998),(579,1,'99517','AK',0,'Anchorage',61.190136,-149.936111),(580,1,'99518','AK',0,'Anchorage',61.154862,-149.886571),(581,1,'99549','AK',0,'Port Heiden',56.964333,-158.566367),(582,1,'99551','AK',0,'Akiachak',60.891854,-161.392330),(583,1,'99552','AK',0,'Akiak',60.890632,-161.199325),(584,1,'99553','AK',0,'Akutan',54.143012,-165.785368),(585,1,'99554','AK',0,'Alakanuk',62.746967,-164.602280),(586,1,'99555','AK',0,'Aleknagik',59.269688,-158.619882),(587,1,'99556','AK',0,'Nikolaevsk',59.788818,-151.732933),(588,1,'99557','AK',0,'Chuathbaluk',61.691648,-157.758502),(589,1,'99558','AK',0,'Anvik',62.830913,-160.130441),(590,1,'99559','AK',0,'Atmautluak',60.832389,-161.824053),(591,1,'99561','AK',0,'Chefornak',60.153746,-164.210294),(592,1,'99563','AK',0,'Chevak',61.583982,-164.776457),(593,1,'99564','AK',0,'Chignik',56.301639,-158.415696),(594,1,'99565','AK',0,'Chignik Lagoon',56.251277,-158.673528),(595,1,'99567','AK',0,'Chugiak',61.409802,-149.453736),(596,1,'99568','AK',0,'Clam Gulch',60.201603,-151.422628),(597,1,'99569','AK',0,'Clarks Point',58.849210,-158.451241),(598,1,'99571','AK',0,'Nelson Lagoon',55.610952,-161.942941),(599,1,'99572','AK',0,'Cooper Landing',60.476692,-149.823514),(600,1,'99573','AK',0,'Copper Center',61.915810,-144.977930),(601,1,'99574','AK',0,'Chenega Bay',60.102558,-147.943316),(602,1,'99575','AK',0,'Crooked Creek',61.818072,-158.002483),(603,1,'99576','AK',0,'Koliganek',59.059279,-158.973533),(604,1,'99577','AK',0,'Eagle River',61.311357,-149.508515),(605,1,'99578','AK',0,'Eek',60.215058,-162.032341),(606,1,'99579','AK',0,'Egegik',58.206174,-157.342202),(607,1,'99580','AK',0,'Ekwok',59.362792,-157.478211),(608,1,'99581','AK',0,'Emmonak',62.827404,-164.131298),(609,1,'99583','AK',0,'False Pass',54.841028,-163.436845),(610,1,'99585','AK',0,'Marshall',61.837087,-161.739400),(611,1,'99586','AK',0,'Slana',62.654744,-143.568393),(612,1,'99588','AK',0,'Glennallen',62.103895,-145.661684),(613,1,'99589','AK',0,'Goodnews Bay',59.085008,-161.587146),(614,1,'99590','AK',0,'Grayling',63.372013,-159.404907),(615,1,'99591','AK',0,'Saint George Isl',56.603240,-169.547257),(616,1,'99602','AK',0,'Holy Cross',62.192584,-159.825092),(617,1,'99603','AK',0,'Port Graham',59.665495,-151.462644),(618,1,'99604','AK',0,'Hooper Bay',61.537157,-165.891045),(619,1,'99606','AK',0,'Kokhanok',59.564836,-155.462556),(620,1,'99607','AK',0,'Kalskag',61.541006,-160.326100),(621,1,'99610','AK',0,'Kasilof',60.316365,-151.289580),(622,1,'99611','AK',0,'Kenai',60.614467,-151.254556),(623,1,'99612','AK',0,'King Cove',55.062848,-162.305561),(624,1,'99613','AK',0,'Igiugig',58.724264,-156.641603),(625,1,'99614','AK',0,'Kipnuk',59.923204,-164.101013),(626,1,'99615','AK',0,'Akhiok',57.781967,-152.500169),(627,1,'99620','AK',0,'Kotlik',63.029471,-163.554153),(628,1,'99621','AK',0,'Kwethluk',60.771814,-161.388490),(629,1,'99622','AK',0,'Kwigillingok',59.881022,-162.984938),(630,1,'99625','AK',0,'Levelock',59.371395,-154.976815),(631,1,'99626','AK',0,'Lower Kalskag',61.513770,-160.359966),(632,1,'99627','AK',0,'Mc Grath',62.967153,-155.585153),(633,1,'99628','AK',0,'Manokotak',59.009559,-158.989699),(634,1,'99630','AK',0,'Mekoryuk',60.365679,-166.283583),(635,1,'99631','AK',0,'Moose Pass',60.858520,-149.255911),(636,1,'99632','AK',0,'Mountain Village',62.158913,-163.883822),(637,1,'99633','AK',0,'Naknek',58.885699,-156.705405),(638,1,'99634','AK',0,'Napakiak',60.663758,-161.738144),(639,1,'99636','AK',0,'New Stuyahok',59.593533,-157.297205),(640,1,'99638','AK',0,'Nikolski',52.988337,-168.788427),(641,1,'99639','AK',0,'Ninilchik',60.010833,-151.639604),(642,1,'99640','AK',0,'Nondalton',60.030837,-154.731675),(643,1,'99645','AK',0,'Butte',61.613814,-149.065323),(644,1,'99647','AK',0,'Pedro Bay',59.922380,-153.821856),(645,1,'99648','AK',0,'Perryville',55.945289,-159.259333),(646,1,'99649','AK',0,'Pilot Point',57.595193,-157.449272),(647,1,'99650','AK',0,'Pilot Station',61.946159,-162.874716),(648,1,'99651','AK',0,'Platinum',58.633640,-162.043201),(649,1,'99653','AK',0,'Port Alsworth',60.636416,-154.433803),(650,1,'99654','AK',0,'Wasilla',61.592349,-149.395875),(651,1,'99655','AK',0,'Quinhagak',59.738057,-161.874938),(652,1,'99656','AK',0,'Red Devil',61.735389,-157.195969),(653,1,'99657','AK',0,'Russian Mission',61.591302,-161.558413),(654,1,'99658','AK',0,'Saint Marys',62.054106,-163.205263),(655,1,'99659','AK',0,'Saint Michael',63.477590,-162.109141),(656,1,'99660','AK',0,'Saint Paul Islan',57.178697,-170.293408),(657,1,'99661','AK',0,'Sand Point',55.319236,-160.491435),(658,1,'99662','AK',0,'Scammon Bay',61.845019,-165.581945),(659,1,'99664','AK',0,'Seward',60.132874,-149.398490),(660,1,'99665','AK',0,'Shageluk',62.661092,-159.528160),(661,1,'99668','AK',0,'Sleetmute',61.634555,-157.118284),(662,1,'99669','AK',0,'Soldotna',60.481778,-151.135820),(663,1,'99670','AK',0,'South Naknek',58.736221,-156.850289),(664,1,'99671','AK',0,'Stebbins',63.478468,-162.227355),(665,1,'99672','AK',0,'Sterling',60.520373,-150.849792),(666,1,'99676','AK',0,'Talkeetna',62.260516,-150.110097),(667,1,'99679','AK',0,'Tuluksak',61.108848,-160.938924),(668,1,'99681','AK',0,'Tununak',60.539322,-165.097464),(669,1,'99682','AK',0,'Tyonek',61.117929,-151.348495),(670,1,'99683','AK',0,'Trapper Creek',61.441361,-150.284455),(671,1,'99684','AK',0,'Unalakleet',63.883478,-160.788365),(672,1,'99685','AK',0,'Unalaska',53.887114,-166.519855),(673,1,'99686','AK',0,'Valdez',60.895044,-146.195628),(674,1,'99687','AK',0,'Wasilla',61.578032,-149.533003),(675,1,'99688','AK',0,'Willow',61.771511,-150.188891),(676,1,'99689','AK',0,'Yakutat',59.620211,-139.778858),(677,1,'99691','AK',0,'Nikolai',63.001603,-154.381247),(678,1,'99692','AK',0,'Dutch Harbor',53.362757,-167.510656),(679,1,'99701','AK',0,'Coldfoot',64.840238,-147.710431),(680,1,'99702','AK',0,'Eielson Afb',64.673520,-147.080510),(681,1,'99703','AK',0,'Fort Wainwright',64.828303,-147.655673),(682,1,'99704','AK',0,'Clear',64.418121,-149.139885),(683,1,'99705','AK',0,'North Pole',64.780490,-147.369353),(684,1,'99709','AK',0,'Fairbanks',64.854370,-147.846917),(685,1,'99712','AK',0,'Fairbanks',64.910879,-147.510479),(686,1,'99714','AK',0,'Salcha',64.509050,-146.952974),(687,1,'99720','AK',0,'Allakaket',66.543197,-152.712155),(688,1,'99721','AK',0,'Anaktuvuk Pass',68.118780,-151.679005),(689,1,'99722','AK',0,'Arctic Village',68.077395,-145.423115),(690,1,'99723','AK',0,'Barrow',71.234637,-156.817409),(691,1,'99724','AK',0,'Beaver',66.338830,-147.279803),(692,1,'99726','AK',0,'Bettles Field',67.100495,-151.062414),(693,1,'99727','AK',0,'Buckland',65.981052,-161.131676),(694,1,'99729','AK',0,'Cantwell',63.395458,-148.897350),(695,1,'99730','AK',0,'Central',65.468058,-144.748860),(696,1,'99733','AK',0,'Circle',65.824542,-144.082620),(697,1,'99734','AK',0,'Prudhoe Bay',70.070057,-148.559636),(698,1,'99736','AK',0,'Deering',66.062265,-162.711951),(699,1,'99737','AK',0,'Dot Lake',64.005426,-145.613611),(700,1,'99739','AK',0,'Elim',64.621662,-162.260371),(701,1,'99740','AK',0,'Fort Yukon',66.520744,-145.306439),(702,1,'99741','AK',0,'Galena',64.760784,-156.797701),(703,1,'99742','AK',0,'Gambell',63.776555,-171.701685),(704,1,'99743','AK',0,'Healy',63.917123,-149.011128),(705,1,'99744','AK',0,'Anderson',64.300693,-149.171800),(706,1,'99745','AK',0,'Hughes',66.038246,-154.264430),(707,1,'99746','AK',0,'Huslia',65.689918,-156.291976),(708,1,'99747','AK',0,'Kaktovik',70.042889,-143.631329),(709,1,'99748','AK',0,'Kaltag',64.330452,-158.724251),(710,1,'99749','AK',0,'Kiana',67.180260,-158.152204),(711,1,'99750','AK',0,'Kivalina',67.665859,-163.733617),(712,1,'99751','AK',0,'Kobuk',66.912253,-157.066864),(713,1,'99752','AK',0,'Kotzebue',66.846459,-162.126493),(714,1,'99753','AK',0,'Koyuk',64.931668,-161.149957),(715,1,'99755','AK',0,'Denali National',63.516075,-149.539532),(716,1,'99756','AK',0,'Manley Hot Sprin',65.020580,-150.573267),(717,1,'99757','AK',0,'Lake Minchumina',63.903884,-152.430081),(718,1,'99758','AK',0,'Minto',65.058399,-149.691186),(719,1,'99759','AK',0,'Point Lay',69.705626,-162.906148),(720,1,'99760','AK',0,'Nenana',64.557656,-149.086744),(721,1,'99761','AK',0,'Noatak',66.975530,-160.509453),(722,1,'99762','AK',0,'Golovin',64.505775,-165.310667),(723,1,'99763','AK',0,'Noorvik',66.836353,-161.044132),(724,1,'99765','AK',0,'Nulato',64.778024,-157.991353),(725,1,'99766','AK',0,'Point Hope',68.312058,-166.726180),(726,1,'99767','AK',0,'Rampart',65.383627,-150.011201),(727,1,'99768','AK',0,'Ruby',64.720062,-155.503872),(728,1,'99769','AK',0,'Savoonga',63.679737,-170.470908),(729,1,'99770','AK',0,'Selawik',65.713537,-158.534287),(730,1,'99771','AK',0,'Shaktoolik',64.375498,-161.174589),(731,1,'99772','AK',0,'Shishmaref',66.230562,-166.137276),(732,1,'99773','AK',0,'Shungnak',66.958141,-157.613496),(733,1,'99774','AK',0,'Stevens Village',65.995894,-149.118286),(734,1,'99777','AK',0,'Tanana',65.156483,-152.103747),(735,1,'99778','AK',0,'Teller',65.240164,-166.383300),(736,1,'99780','AK',0,'Border',63.435022,-142.523046),(737,1,'99781','AK',0,'Venetie',67.010446,-146.413723),(738,1,'99782','AK',0,'Wainwright',70.620064,-160.012532),(739,1,'99783','AK',0,'Wales',65.688212,-168.520521),(740,1,'99784','AK',0,'White Mountain',64.702791,-163.421850),(741,1,'99785','AK',0,'Brevig Mission',65.334187,-166.478578),(742,1,'99786','AK',0,'Ambler',67.469510,-156.455652),(743,1,'99788','AK',0,'Chalkyitsik',66.719000,-143.638121),(744,1,'99789','AK',0,'Nuiqsut',70.192737,-150.997119),(745,1,'99801','AK',0,'Juneau',58.362767,-134.529429),(746,1,'99820','AK',0,'Angoon',57.569832,-134.371052),(747,1,'99824','AK',0,'Douglas',58.275597,-134.395041),(748,1,'99826','AK',0,'Gustavus',58.428350,-135.761542),(749,1,'99827','AK',0,'Haines',59.251886,-135.542032),(750,1,'99829','AK',0,'Hoonah',58.032237,-135.558435),(751,1,'99833','AK',0,'Petersburg',56.827134,-133.160683),(752,1,'99835','AK',0,'Sitka',57.051436,-135.316569),(753,1,'99840','AK',0,'Skagway',59.468471,-135.301794),(754,1,'99901','AK',0,'Ketchikan',55.372028,-131.683175),(755,1,'99919','AK',0,'Thorne Bay',55.660860,-132.513815),(756,1,'99921','AK',0,'Craig',55.473170,-133.117081),(757,1,'99922','AK',0,'Hydaburg',55.137406,-132.633175),(758,1,'99923','AK',0,'Hyder',55.925867,-130.124915),(759,1,'99925','AK',0,'Klawock',55.552611,-133.055503),(760,1,'99926','AK',0,'Metlakatla',55.121491,-131.579001),(761,1,'99927','AK',0,'Point Baker',56.307858,-133.376372),(762,1,'99929','AK',0,'Wrangell',56.433524,-132.352918),(763,1,'99950','AK',0,'Ketchikan',55.942471,-133.184790),(764,1,'85003','AZ',0,'Phoenix',33.451095,-112.077428),(765,1,'85004','AZ',0,'Phoenix',33.455708,-112.068584),(766,1,'85006','AZ',0,'Phoenix',33.465016,-112.047357),(767,1,'85007','AZ',0,'Phoenix',33.452298,-112.089326),(768,1,'85008','AZ',0,'Phoenix',33.466457,-111.998381),(769,1,'85009','AZ',0,'Phoenix',33.456373,-112.128368),(770,1,'85012','AZ',0,'Phoenix',33.509744,-112.067816),(771,1,'85013','AZ',0,'Phoenix',33.508493,-112.082657),(772,1,'85014','AZ',0,'Phoenix',33.510263,-112.055570),(773,1,'85015','AZ',0,'Phoenix',33.508164,-112.101064),(774,1,'85016','AZ',0,'Phoenix',33.502117,-112.030496),(775,1,'85017','AZ',0,'Phoenix',33.515263,-112.121232),(776,1,'85018','AZ',0,'Phoenix',33.495796,-111.988259),(777,1,'85019','AZ',0,'Phoenix',33.512284,-112.141681),(778,1,'85020','AZ',0,'Phoenix',33.562281,-112.055888),(779,1,'85021','AZ',0,'Phoenix',33.559965,-112.092686),(780,1,'85022','AZ',0,'Phoenix',33.631513,-112.052008),(781,1,'85023','AZ',0,'Phoenix',33.632383,-112.111838),(782,1,'85024','AZ',0,'Phoenix',33.661664,-112.036956),(783,1,'85027','AZ',0,'New River Stage',33.667157,-112.102723),(784,1,'85028','AZ',0,'Phoenix',33.585115,-112.008724),(785,1,'85029','AZ',0,'Phoenix',33.596133,-112.119913),(786,1,'85031','AZ',0,'Phoenix',33.493909,-112.169630),(787,1,'85032','AZ',0,'Phoenix',33.623807,-112.004369),(788,1,'85033','AZ',0,'Phoenix',33.494426,-112.213185),(789,1,'85034','AZ',0,'Phoenix',33.441251,-112.042135),(790,1,'85035','AZ',0,'Phoenix',33.472353,-112.183177),(791,1,'85037','AZ',0,'Phoenix',33.491278,-112.246763),(792,1,'85039','AZ',0,'Phoenix',33.495362,-112.288573),(793,1,'85040','AZ',0,'Phoenix',33.390475,-112.031260),(794,1,'85041','AZ',0,'Phoenix',33.388882,-112.095437),(795,1,'85043','AZ',0,'Phoenix',33.449056,-112.197245),(796,1,'85044','AZ',0,'Phoenix',33.329124,-111.994300),(797,1,'85051','AZ',0,'Phoenix',33.559113,-112.133168),(798,1,'85201','AZ',0,'Mesa',33.431740,-111.846931),(799,1,'85202','AZ',0,'Mesa',33.385095,-111.872429),(800,1,'85203','AZ',0,'Mesa',33.436952,-111.805697),(801,1,'85204','AZ',0,'Mesa',33.399168,-111.789554),(802,1,'85205','AZ',0,'Mesa',33.436850,-111.712939),(803,1,'85206','AZ',0,'Mesa',33.402603,-111.724223),(804,1,'85207','AZ',0,'Mesa',33.432073,-111.642560),(805,1,'85208','AZ',0,'Mesa',33.398416,-111.651297),(806,1,'85210','AZ',0,'Mesa',33.388670,-111.842757),(807,1,'85213','AZ',0,'Mesa',33.436688,-111.773114),(808,1,'85219','AZ',0,'Gold Canyon',33.360787,-111.513310),(809,1,'85220','AZ',0,'Apache Junction',33.415211,-111.571818),(810,1,'85222','AZ',0,'Eleven Mile Corn',32.892667,-111.756093),(811,1,'85224','AZ',0,'Chandler',33.330091,-111.863156),(812,1,'85225','AZ',0,'Chandler',33.310505,-111.823881),(813,1,'85226','AZ',0,'Chandler',33.309170,-111.919827),(814,1,'85228','AZ',0,'Coolidge',32.957399,-111.534378),(815,1,'85231','AZ',0,'Eloy',32.750929,-111.583275),(816,1,'85232','AZ',0,'Florence',32.996881,-111.361234),(817,1,'85234','AZ',0,'Gilbert',33.352746,-111.780876),(818,1,'85236','AZ',0,'Higley',33.302382,-111.696926),(819,1,'85237','AZ',0,'Kearny',33.059443,-110.912270),(820,1,'85239','AZ',0,'Mobile',32.987379,-112.075228),(821,1,'85240','AZ',0,'Williams Afb',33.310289,-111.668801),(822,1,'85242','AZ',0,'Arizona Boys Ran',33.238577,-111.643596),(823,1,'85247','AZ',0,'Sacaton',33.097699,-111.775162),(824,1,'85248','AZ',0,'Sun Lakes',33.223056,-111.866899),(825,1,'85249','AZ',0,'Chandler',33.241384,-111.774486),(826,1,'85250','AZ',0,'Scottsdale',33.521767,-111.904926),(827,1,'85251','AZ',0,'Scottsdale',33.493559,-111.916697),(828,1,'85253','AZ',0,'Paradise Valley',33.549439,-111.956546),(829,1,'85254','AZ',0,'Scottsdale',33.616476,-111.955422),(830,1,'85255','AZ',0,'Scottsdale',33.696801,-111.889213),(831,1,'85256','AZ',0,'Scottsdale',33.485793,-111.853330),(832,1,'85257','AZ',0,'Scottsdale',33.466930,-111.915129),(833,1,'85258','AZ',0,'Scottsdale',33.564747,-111.893067),(834,1,'85259','AZ',0,'Scottsdale',33.587943,-111.840438),(835,1,'85260','AZ',0,'Scottsdale',33.601323,-111.886710),(836,1,'85262','AZ',0,'Scottsdale',33.775240,-111.779135),(837,1,'85264','AZ',0,'Fort Mcdowell',33.611807,-111.680620),(838,1,'85268','AZ',0,'Fountain Hills',33.608489,-111.723685),(839,1,'85272','AZ',0,'Stanfield',32.882321,-111.965987),(840,1,'85273','AZ',0,'Superior',33.288716,-111.098460),(841,1,'85281','AZ',0,'Tempe',33.422675,-111.926144),(842,1,'85282','AZ',0,'Tempe',33.391669,-111.924896),(843,1,'85283','AZ',0,'Tempe',33.366524,-111.931220),(844,1,'85284','AZ',0,'Tempe',33.336302,-111.919696),(845,1,'85292','AZ',0,'Winkelman',33.005720,-110.772682),(846,1,'85301','AZ',0,'Glendale',33.531122,-112.176703),(847,1,'85302','AZ',0,'Glendale',33.567487,-112.175289),(848,1,'85303','AZ',0,'Glendale',33.526215,-112.214937),(849,1,'85304','AZ',0,'Glendale',33.594289,-112.174575),(850,1,'85305','AZ',0,'Glendale',33.529103,-112.248232),(851,1,'85306','AZ',0,'Glendale',33.623882,-112.177563),(852,1,'85307','AZ',0,'Luke Afb',33.534879,-112.326735),(853,1,'85308','AZ',0,'Glendale',33.653924,-112.169391),(854,1,'85309','AZ',0,'Luke Afb',33.539993,-112.356186),(855,1,'85310','AZ',0,'Glendale',33.704726,-112.164131),(856,1,'85321','AZ',0,'Why',32.373485,-112.858681),(857,1,'85322','AZ',0,'Arlington',33.313317,-112.789058),(858,1,'85323','AZ',0,'Avondale',33.432114,-112.343754),(859,1,'85324','AZ',0,'Rock Springs',34.073197,-112.130956),(860,1,'85326','AZ',0,'Buckeye',33.388960,-112.607728),(861,1,'85328','AZ',0,'Cibola',33.614886,-114.512204),(862,1,'85331','AZ',0,'Cave Creek',33.821896,-112.015106),(863,1,'85332','AZ',0,'Congress',34.176425,-112.768010),(864,1,'85333','AZ',0,'Dateland',32.867886,-113.463126),(865,1,'85335','AZ',0,'El Mirage',33.608153,-112.324147),(866,1,'85337','AZ',0,'Gila Bend',32.930590,-112.746832),(867,1,'85338','AZ',0,'Goodyear',33.436809,-112.383385),(868,1,'85339','AZ',0,'Laveen',33.343572,-112.171618),(869,1,'85340','AZ',0,'Litchfield Park',33.494127,-112.380497),(870,1,'85342','AZ',0,'Morristown',33.772993,-112.548331),(871,1,'85343','AZ',0,'Palo Verde',33.348480,-112.646662),(872,1,'85344','AZ',0,'Empire Landing',34.025400,-114.266342),(873,1,'85345','AZ',0,'Peoria',33.576135,-112.234424),(874,1,'85347','AZ',0,'Roll',32.936635,-113.564287),(875,1,'85348','AZ',0,'Salome',33.748141,-113.571459),(876,1,'85350','AZ',0,'Somerton',32.563398,-114.712700),(877,1,'85351','AZ',0,'Sun City',33.606104,-112.279701),(878,1,'85353','AZ',0,'Tolleson',33.434686,-112.277444),(879,1,'85354','AZ',0,'Tonopah',33.422797,-112.952785),(880,1,'85355','AZ',0,'Waddell',33.567285,-112.438690),(881,1,'85356','AZ',0,'Wellton',32.749251,-114.176616),(882,1,'85361','AZ',0,'Wittmann',33.726425,-112.446578),(883,1,'85362','AZ',0,'Yarnell',34.414076,-112.621660),(884,1,'85363','AZ',0,'Youngtown',33.590751,-112.301305),(885,1,'85364','AZ',0,'Yuma',32.701507,-114.642362),(886,1,'85365','AZ',0,'Yuma Proving Gro',32.671352,-114.548633),(887,1,'85373','AZ',0,'Sun City',33.658756,-112.321397),(888,1,'85374','AZ',0,'Surprise',33.630028,-112.331430),(889,1,'85375','AZ',0,'Sun City West',33.662576,-112.255434),(890,1,'85381','AZ',0,'Peoria',33.604761,-112.223723),(891,1,'85382','AZ',0,'Peoria',33.630830,-112.207177),(892,1,'85390','AZ',0,'Wickenburg',33.911282,-112.738973),(893,1,'85501','AZ',0,'Globe',33.402426,-110.789247),(894,1,'85530','AZ',0,'Bylas',33.126549,-110.117020),(895,1,'85533','AZ',0,'Clifton',33.132343,-109.246199),(896,1,'85534','AZ',0,'Franklin',32.793976,-109.129575),(897,1,'85535','AZ',0,'Eden',33.028629,-109.953682),(898,1,'85539','AZ',0,'Miami',33.431928,-110.881182),(899,1,'85540','AZ',0,'Morenci',33.043593,-109.311517),(900,1,'85541','AZ',0,'Payson',34.219779,-111.287774),(901,1,'85542','AZ',0,'Peridot',33.478874,-110.372520),(902,1,'85543','AZ',0,'Pima',32.909661,-109.856009),(903,1,'85544','AZ',0,'Strawberry',34.390915,-111.473483),(904,1,'85545','AZ',0,'Roosevelt',33.635753,-110.974884),(905,1,'85546','AZ',0,'Safford',32.829491,-109.626641),(906,1,'85550','AZ',0,'San Carlos',33.310643,-110.395323),(907,1,'85552','AZ',0,'Thatcher',32.819902,-109.730245),(908,1,'85602','AZ',0,'Benson',31.988260,-110.294113),(909,1,'85603','AZ',0,'Bisbee',31.408557,-109.911736),(910,1,'85606','AZ',0,'Cochise',32.097891,-109.923930),(911,1,'85607','AZ',0,'Douglas',31.351110,-109.544698),(912,1,'85610','AZ',0,'Elfrida',31.713891,-109.619277),(913,1,'85611','AZ',0,'Elgin',31.660020,-110.611403),(914,1,'85613','AZ',0,'Fort Huachuca',31.558735,-110.344131),(915,1,'85614','AZ',0,'Green Valley',31.854271,-111.000253),(916,1,'85615','AZ',0,'Hereford',31.403545,-110.204728),(917,1,'85616','AZ',0,'Huachuca City',31.663896,-110.333414),(918,1,'85617','AZ',0,'Mc Neal',31.502969,-109.630971),(919,1,'85618','AZ',0,'Mammoth',32.723875,-110.643961),(920,1,'85621','AZ',0,'Nogales',31.376969,-110.943508),(921,1,'85623','AZ',0,'Oracle',32.600506,-110.796126),(922,1,'85624','AZ',0,'Patagonia',31.535317,-110.696774),(923,1,'85625','AZ',0,'Pearce',31.966608,-109.795032),(924,1,'85629','AZ',0,'Sahuarita',31.945169,-111.000154),(925,1,'85630','AZ',0,'Saint David',31.897251,-110.215377),(926,1,'85631','AZ',0,'San Manuel',32.695831,-110.656788),(927,1,'85632','AZ',0,'Portal',32.208167,-109.367152),(928,1,'85634','AZ',0,'Pisinemo',32.031572,-111.922207),(929,1,'85635','AZ',0,'Sierra Vista',31.536467,-110.266565),(930,1,'85637','AZ',0,'Sonoita',31.866154,-110.724418),(931,1,'85638','AZ',0,'Tombstone',31.721598,-110.058449),(932,1,'85640','AZ',0,'Amado',31.594194,-111.039693),(933,1,'85641','AZ',0,'Vail',32.035926,-110.883750),(934,1,'85643','AZ',0,'Willcox',32.372977,-109.863111),(935,1,'85645','AZ',0,'Amado',31.643759,-111.072233),(936,1,'85653','AZ',0,'Marana',32.404749,-111.273621),(937,1,'85701','AZ',0,'Tucson',32.213873,-110.969445),(938,1,'85704','AZ',0,'Casas Adobes',32.329175,-110.984593),(939,1,'85705','AZ',0,'Tucson',32.269088,-110.984536),(940,1,'85706','AZ',0,'Tucson',32.139172,-110.945127),(941,1,'85708','AZ',0,'Tucson',32.179989,-110.869283),(942,1,'85710','AZ',0,'Tucson',32.213813,-110.824046),(943,1,'85711','AZ',0,'Tucson',32.212729,-110.882892),(944,1,'85712','AZ',0,'Tucson',32.250043,-110.886919),(945,1,'85713','AZ',0,'Tucson',32.194065,-110.973896),(946,1,'85714','AZ',0,'Tucson',32.170657,-110.971891),(947,1,'85715','AZ',0,'Tucson',32.269213,-110.834837),(948,1,'85716','AZ',0,'Tucson',32.246815,-110.922176),(949,1,'85718','AZ',0,'Tucson',32.311154,-110.917882),(950,1,'85719','AZ',0,'Tucson',32.247426,-110.949142),(951,1,'85730','AZ',0,'Tucson',32.180951,-110.819040),(952,1,'85735','AZ',0,'Tucson',32.057796,-111.260758),(953,1,'85736','AZ',0,'Tucson',31.667909,-111.317842),(954,1,'85737','AZ',0,'Oro Valley',32.431679,-110.954463),(955,1,'85741','AZ',0,'Tucson',32.347215,-111.041873),(956,1,'85743','AZ',0,'Tucson',32.336550,-111.177071),(957,1,'85745','AZ',0,'Tucson',32.243359,-111.017907),(958,1,'85746','AZ',0,'Tucson',32.142244,-111.050569),(959,1,'85747','AZ',0,'Tucson',32.071142,-110.667337),(960,1,'85748','AZ',0,'Tucson',32.214981,-110.775765),(961,1,'85749','AZ',0,'Tucson',32.273285,-110.765829),(962,1,'85901','AZ',0,'Show Low',34.060117,-110.054633),(963,1,'85920','AZ',0,'Alpine',33.827878,-109.128290),(964,1,'85922','AZ',0,'Blue',33.651245,-109.068490),(965,1,'85924','AZ',0,'Concho',34.445787,-109.674096),(966,1,'85925','AZ',0,'Eagar',33.954571,-109.246933),(967,1,'85928','AZ',0,'Heber',34.416300,-110.568647),(968,1,'85929','AZ',0,'Lakeside',34.166224,-109.986878),(969,1,'85935','AZ',0,'Pinetop',34.117459,-109.919668),(970,1,'85936','AZ',0,'Saint Johns',34.501008,-109.379617),(971,1,'85937','AZ',0,'Snowflake',34.495859,-110.080742),(972,1,'85938','AZ',0,'Springerville',34.119333,-109.304066),(973,1,'86001','AZ',0,'Flagstaff',35.185911,-111.661979),(974,1,'86004','AZ',0,'Flagstaff',35.225736,-111.574109),(975,1,'86021','AZ',0,'Colorado City',36.976266,-112.952427),(976,1,'86022','AZ',0,'Fredonia',36.904397,-112.497864),(977,1,'86025','AZ',0,'Holbrook',34.908451,-110.143412),(978,1,'86030','AZ',0,'Hotevilla',36.211141,-110.566107),(979,1,'86033','AZ',0,'Kayenta',36.688327,-110.265229),(980,1,'86034','AZ',0,'Keams Canyon',35.808206,-110.284461),(981,1,'86035','AZ',0,'Leupp',35.336528,-110.992651),(982,1,'86036','AZ',0,'Marble Canyon',36.956943,-111.558166),(983,1,'86038','AZ',0,'Mormon Lake',34.916896,-111.454914),(984,1,'86039','AZ',0,'Kykotsmovi Villa',35.579084,-110.368805),(985,1,'86040','AZ',0,'Greenehaven',36.896625,-111.438470),(986,1,'86042','AZ',0,'Polacca',35.811812,-110.511140),(987,1,'86043','AZ',0,'Second Mesa',35.903782,-110.647200),(988,1,'86044','AZ',0,'Tonalea',35.934555,-110.882042),(989,1,'86045','AZ',0,'Tuba City',36.103729,-111.268566),(990,1,'86046','AZ',0,'Williams',35.543398,-112.170750),(991,1,'86047','AZ',0,'Winslow',35.160780,-110.511382),(992,1,'86053','AZ',0,'Kaibito',36.484798,-111.136973),(993,1,'86054','AZ',0,'Shonto',36.615940,-110.647743),(994,1,'86301','AZ',0,'Prescott',34.629909,-113.022459),(995,1,'86303','AZ',0,'Groom Creek',34.558577,-112.473459),(996,1,'86314','AZ',0,'Prescott Valley',34.601934,-112.326378),(997,1,'86320','AZ',0,'Ash Fork',35.214998,-112.502681),(998,1,'86321','AZ',0,'Bagdad',34.578484,-113.175535),(999,1,'86322','AZ',0,'Camp Verde',34.569733,-111.855131),(1000,1,'86323','AZ',0,'Chino Valley',34.775739,-112.473099);
/*!40000 ALTER TABLE `db_geo_cities` ENABLE KEYS */;
UNLOCK TABLES;

--
-- Table structure for table `db_geo_countries`
--

DROP TABLE IF EXISTS `db_geo_countries`;
/*!40101 SET @saved_cs_client     = @@character_set_client */;
/*!40101 SET character_set_client = utf8 */;
CREATE TABLE `db_geo_countries` (
  `id` smallint(5) unsigned NOT NULL AUTO_INCREMENT,
  `country` varchar(250) NOT NULL DEFAULT '' COMMENT 'Country',
  PRIMARY KEY (`id`),
  KEY `name` (`country`)
) ENGINE=InnoDB AUTO_INCREMENT=2 DEFAULT CHARSET=utf8;
/*!40101 SET character_set_client = @saved_cs_client */;

--
-- Dumping data for table `db_geo_countries`
--

LOCK TABLES `db_geo_countries` WRITE;
/*!40000 ALTER TABLE `db_geo_countries` DISABLE KEYS */;
INSERT INTO `db_geo_countries` VALUES (1,'US');
/*!40000 ALTER TABLE `db_geo_countries` ENABLE KEYS */;
UNLOCK TABLES;

--
-- Table structure for table `db_geo_states`
--

DROP TABLE IF EXISTS `db_geo_states`;
/*!40101 SET @saved_cs_client     = @@character_set_client */;
/*!40101 SET character_set_client = utf8 */;
CREATE TABLE `db_geo_states` (
  `id` int(10) unsigned NOT NULL AUTO_INCREMENT,
  `country_id` int(10) unsigned NOT NULL DEFAULT '0' COMMENT 'Country ID from db_geo_countries',
  `state` varchar(250) NOT NULL DEFAULT '' COMMENT 'State',
  `code` char(2) NOT NULL DEFAULT '',
  PRIMARY KEY (`id`)
) ENGINE=InnoDB AUTO_INCREMENT=52 DEFAULT CHARSET=utf8;
/*!40101 SET character_set_client = @saved_cs_client */;

--
-- Dumping data for table `db_geo_states`
--

LOCK TABLES `db_geo_states` WRITE;
/*!40000 ALTER TABLE `db_geo_states` DISABLE KEYS */;
INSERT INTO `db_geo_states` VALUES (1,1,'Alabama','AL'),(2,1,'Alaska','AK'),(3,1,'Arizona','AZ'),(4,1,'Arkansas','AR'),(5,1,'California','CA'),(6,1,'Colorado','CO'),(7,1,'Connecticut','CT'),(8,1,'Delaware','DE'),(9,1,'District of Columbia','DC'),(10,1,'Florida','FL'),(11,1,'Georgia','GA'),(12,1,'Hawaii','HI'),(13,1,'Idaho','ID'),(14,1,'Illinois','IL'),(15,1,'Indiana','IN'),(16,1,'Iowa','IA'),(17,1,'Kansas','KS'),(18,1,'Kentucky','KY'),(19,1,'Louisiana','LA'),(20,1,'Maine','ME'),(21,1,'Maryland','MD'),(22,1,'Massachusetts','MA'),(23,1,'Michigan','MI'),(24,1,'Minnesota','MN'),(25,1,'Mississippi','MS'),(26,1,'Missouri','MO'),(27,1,'Montana','MT'),(28,1,'Nebraska','NE'),(29,1,'Nevada','NV'),(30,1,'New Hampshire','NH'),(31,1,'New Jersey','NJ'),(32,1,'New Mexico','NM'),(33,1,'New York','NY'),(34,1,'North Carolina','NC'),(35,1,'North Dakota','ND'),(36,1,'Ohio','OH'),(37,1,'Oklahoma','OK'),(38,1,'Oregon','OR'),(39,1,'Pennsylvania','PA'),(40,1,'Rhode Island','RI'),(41,1,'South Carolina','SC'),(42,1,'South Dakota','SD'),(43,1,'Tennessee','TN'),(44,1,'Texas','TX'),(45,1,'Utah','UT'),(46,1,'Vermont','VT'),(47,1,'Virginia','VA'),(48,1,'Washington','WA'),(49,1,'West Virginia','WV'),(50,1,'Wisconsin','WI'),(51,1,'Wyoming','WY');
/*!40000 ALTER TABLE `db_geo_states` ENABLE KEYS */;
UNLOCK TABLES;
/*!40103 SET TIME_ZONE=@OLD_TIME_ZONE */;

/*!40101 SET SQL_MODE=@OLD_SQL_MODE */;
/*!40014 SET FOREIGN_KEY_CHECKS=@OLD_FOREIGN_KEY_CHECKS */;
/*!40014 SET UNIQUE_CHECKS=@OLD_UNIQUE_CHECKS */;
/*!40101 SET CHARACTER_SET_CLIENT=@OLD_CHARACTER_SET_CLIENT */;
/*!40101 SET CHARACTER_SET_RESULTS=@OLD_CHARACTER_SET_RESULTS */;
/*!40101 SET COLLATION_CONNECTION=@OLD_COLLATION_CONNECTION */;
/*!40111 SET SQL_NOTES=@OLD_SQL_NOTES */;

-- Dump completed on 2017-05-03 10:54:51
